-- phpMyAdmin SQL Dump
-- version 4.7.4
-- https://www.phpmyadmin.net/
--
-- 主機: 127.0.0.1
-- 產生時間： 2017 年 12 月 26 日 08:42
-- 伺服器版本: 10.1.28-MariaDB
-- PHP 版本： 5.6.32

SET SQL_MODE = "NO_AUTO_VALUE_ON_ZERO";
SET AUTOCOMMIT = 0;
START TRANSACTION;
SET time_zone = "+00:00";


/*!40101 SET @OLD_CHARACTER_SET_CLIENT=@@CHARACTER_SET_CLIENT */;
/*!40101 SET @OLD_CHARACTER_SET_RESULTS=@@CHARACTER_SET_RESULTS */;
/*!40101 SET @OLD_COLLATION_CONNECTION=@@COLLATION_CONNECTION */;
/*!40101 SET NAMES utf8mb4 */;

--
-- 資料庫： `wgs`
--

-- --------------------------------------------------------

--
-- 資料表結構 `category`
--

CREATE TABLE `category` (
  `CAID` varchar(10) NOT NULL,
  `Category_Name` varchar(30) CHARACTER SET utf8 COLLATE utf8_unicode_ci NOT NULL
) ENGINE=InnoDB DEFAULT CHARSET=latin1;

--
-- 資料表的匯出資料 `category`
--

INSERT INTO `category` (`CAID`, `Category_Name`) VALUES
('ACT', '動作'),
('AVG', '冒險'),
('FTG', '格鬥'),
('PZG', '解謎'),
('RCG', '競速'),
('RPG', '角色扮演'),
('SDB', '沙盒'),
('SIM', '模擬經營'),
('SPG', '運動'),
('STG', '射擊'),
('STR', '策略');

-- --------------------------------------------------------

--
-- 資料表結構 `comment`
--

CREATE TABLE `comment` (
  `COID` int(10) UNSIGNED ZEROFILL NOT NULL,
  `Customer` varchar(20) NOT NULL,
  `Product` varchar(10) CHARACTER SET utf8 COLLATE utf8_unicode_ci NOT NULL,
  `Grade` int(1) NOT NULL,
  `Comment_Text` varchar(255) CHARACTER SET utf8 COLLATE utf8_unicode_ci DEFAULT NULL,
  `Comment_Time` timestamp NOT NULL DEFAULT CURRENT_TIMESTAMP
) ENGINE=InnoDB DEFAULT CHARSET=latin1;

--
-- 資料表的匯出資料 `comment`
--

INSERT INTO `comment` (`COID`, `Customer`, `Product`, `Grade`, `Comment_Text`, `Comment_Time`) VALUES
(0000000001, 'IronRuTo', 'ACT0000077', 5, 'We Have Golden balls', '2017-12-25 14:20:38'),
(0000000002, 'IronRuTo', 'PZG0000043', 87, '承昕推薦 紓壓首選', '2017-12-26 06:32:54'),
(0000000003, 'yo@mother.fuck.er', 'SDB0000019', 78, '糞作首選', '2017-12-26 06:32:54'),
(0000000004, 'admin', 'SIM0000081', 99999, '98%壓倒性好評 \r\n甚麼樣的神作竟能讓你失去對時間的認知', '2017-12-26 06:38:06'),
(0000000005, 'admin', 'SIM0000081', 88888, '還在猶豫「早買早享受，晚買想折扣嗎?」\r\n唯一官方承諾永不打折\r\n您的勸Buy首選不怕害別人買貴', '2017-12-26 06:38:06'),
(0000000006, 'wasd', 'SIM0000081', 9487, '買買買', '2017-12-26 06:45:23');

-- --------------------------------------------------------

--
-- 資料表結構 `contact`
--

CREATE TABLE `contact` (
  `ID` int(10) UNSIGNED ZEROFILL DEFAULT NULL,
  `Name` varchar(20) NOT NULL,
  `Email` varchar(20) NOT NULL,
  `Comment` varchar(255) NOT NULL
) ENGINE=InnoDB DEFAULT CHARSET=latin1;

-- --------------------------------------------------------

--
-- 資料表結構 `event`
--

CREATE TABLE `event` (
  `EID` int(10) UNSIGNED ZEROFILL NOT NULL,
  `Event_Name` varchar(30) CHARACTER SET utf8 COLLATE utf8_unicode_ci NOT NULL,
  `Start_Date` date NOT NULL,
  `End_Date` date NOT NULL,
  `Event_Description` varchar(255) CHARACTER SET utf8 COLLATE utf8_unicode_ci DEFAULT NULL,
  `Event_Category` varchar(10) CHARACTER SET utf8 COLLATE utf8_unicode_ci NOT NULL,
  `Discount_Rate` float NOT NULL,
  `Target` varchar(10) NOT NULL,
  `Modified_Time` timestamp NOT NULL DEFAULT CURRENT_TIMESTAMP
) ENGINE=InnoDB DEFAULT CHARSET=latin1;

--
-- 資料表的匯出資料 `event`
--

INSERT INTO `event` (`EID`, `Event_Name`, `Start_Date`, `End_Date`, `Event_Description`, `Event_Category`, `Discount_Rate`, `Target`, `Modified_Time`) VALUES
(0000000001, 'HIHI', '2017-12-24', '2018-04-28', '謝承盺是87', 'RPG', 0.9, 'RPG', '2017-12-23 16:00:00'),
(0000000034, '我是活動名稱', '2017-12-01', '2017-12-31', '看三小 PZG商品打85折', '節慶活動', 0.85, 'PZG', '2017-12-25 08:28:58');

-- --------------------------------------------------------

--
-- 資料表結構 `member`
--

CREATE TABLE `member` (
  `CID` varchar(20) NOT NULL,
  `Password` varchar(255) NOT NULL,
  `Type` int(1) NOT NULL,
  `First_Name` varchar(25) CHARACTER SET utf8 COLLATE utf8_unicode_ci NOT NULL,
  `Last_Name` varchar(25) CHARACTER SET utf8 COLLATE utf8_unicode_ci NOT NULL,
  `Register_Date` timestamp NOT NULL DEFAULT CURRENT_TIMESTAMP ON UPDATE CURRENT_TIMESTAMP,
  `Email` varchar(40) NOT NULL,
  `Phone` varchar(10) NOT NULL,
  `Gender` int(1) NOT NULL,
  `Address` varchar(255) CHARACTER SET utf8 COLLATE utf8_unicode_ci NOT NULL,
  `Birthday` date DEFAULT NULL,
  `Age` int(11) DEFAULT NULL,
  `Reward_Point` int(11) NOT NULL
) ENGINE=InnoDB DEFAULT CHARSET=latin1;

--
-- 資料表的匯出資料 `member`
--

INSERT INTO `member` (`CID`, `Password`, `Type`, `First_Name`, `Last_Name`, `Register_Date`, `Email`, `Phone`, `Gender`, `Address`, `Birthday`, `Age`, `Reward_Point`) VALUES
('aa', '1234', 0, '123', '456', '2017-12-24 07:29:57', '', '', 0, '', NULL, NULL, 0),
('admin', '2017wgs', 2, 'admin', 'admin', '2017-12-25 10:31:44', '', '1234567890', 0, '', NULL, NULL, 0),
('asdf', '1234', 1, '王', '泥馬', '2017-12-23 14:07:32', 'asdf@ntut.edu.tw', '0969696969', 0, '', NULL, NULL, 0),
('e04', 'e04', 1, 'e04', 'e04', '2017-12-25 13:33:01', 'aaa@bbb.ccc.ddd', '099999999', 1, '1234654564', NULL, NULL, 0),
('IronRuTo', '1234', 1, '北科', '孩子寶', '2017-12-25 10:14:28', 'IronRuTo@golden.ball', '00000000', 2, '', NULL, NULL, 0),
('qwe@ntut.edu', 'esgrs', 1, 'ㄋ', 'ㄋ', '2017-12-26 06:23:22', '', '?', 2, '', NULL, NULL, 0),
('qwer', '1234', 1, '王', '八', '2017-12-23 09:04:46', '', '', 0, '', NULL, NULL, 0),
('user1@ntut.org', '1234', 1, 'user', 'U', '2017-12-24 09:53:25', '', '0912345678', 2, '', NULL, NULL, 0),
('user2@ntut.org', '1234', 1, 'user', 'k', '2017-12-24 14:27:32', '', '0000000000', 0, '', NULL, NULL, 0),
('wasd', '1234', 1, '王', '小明', '2017-12-19 15:08:18', 'wasd@ntut.edu.tw', '0912345678', 0, '台北市 大安區忠孝東路三段一號 國立台北科技大學', NULL, NULL, 0),
('yo@mother.fuck.er', 'd04qu4i vu; 18 xl3', 1, 'eat', 'shit', '2017-12-25 06:44:37', '', '0987948787', 2, '', NULL, NULL, 0);

-- --------------------------------------------------------

--
-- 資料表結構 `order_content`
--

CREATE TABLE `order_content` (
  `OCID` int(10) UNSIGNED ZEROFILL NOT NULL,
  `Item` varchar(10) CHARACTER SET utf8 COLLATE utf8_unicode_ci NOT NULL,
  `Order_Number` int(10) UNSIGNED ZEROFILL NOT NULL,
  `License_Key` varchar(255) NOT NULL,
  `Key_Used` int(11) NOT NULL DEFAULT '0'
) ENGINE=InnoDB DEFAULT CHARSET=latin1;

--
-- 資料表的匯出資料 `order_content`
--

INSERT INTO `order_content` (`OCID`, `Item`, `Order_Number`, `License_Key`, `Key_Used`) VALUES
(0000000028, 'RPG0000109', 0000000001, 'UUYGT-LKGQA-OYRQE-ZJXCB', 1),
(0000000035, 'STG0000001', 0000000001, 'RUKRN-PQQYO-HGPIL-5IAAT', 1),
(0000000046, 'PZG0000043', 0000000006, 'OJCNX-CCJAG-WPPSU-L2DJ4', 1),
(0000000051, 'RPG0000124', 0000000012, '', 0),
(0000000058, 'ACT0000041', 0000000014, '', 0),
(0000000060, 'ACT0000015', 0000000014, '', 0),
(0000000061, 'ACT0000143', 0000000014, '', 0),
(0000000086, 'ACT0000015', 0000000014, '', 0),
(0000000087, 'ACT0000015', 0000000014, '', 0),
(0000000089, 'ACT0000015', 0000000014, '', 0),
(0000000090, 'ACT0000015', 0000000014, '', 0),
(0000000091, 'ACT0000143', 0000000014, '', 0),
(0000000093, 'RPG0000192', 0000000005, 'RWMPI-MNFKH-JU2EM-XAFDT', 1),
(0000000094, 'RPG0000192', 0000000005, 'VYSQB-FKGGJ-L3N4O-H1GES', 1),
(0000000095, 'RPG0000192', 0000000005, '0S8X3-YXSCK-ZD9SY-X0W8N', 1),
(0000000096, 'RPG0000192', 0000000005, 'WJWMD-NQWD7-NSGWC-D3I1I', 1),
(0000000102, 'RPG0000124', 0000000039, '', 0),
(0000000109, 'ACT0000015', 0000000042, '', 0),
(0000000110, 'RPG0000192', 0000000042, '', 0),
(0000000118, 'STG0000001', 0000000043, 'JNB28-5D1RN-O9NCF-6AEQH', 1),
(0000000119, 'RPG0000124', 0000000043, 'SQKH5-RI2GS-FQFKP-', 0),
(0000000120, 'SPG0000053', 0000000043, '', 0),
(0000000121, 'AVG0000094', 0000000045, '', 0),
(0000000122, 'SIM0000113', 0000000045, '', 0),
(0000000131, 'RPG0000109', 0000000049, '', 0),
(0000000132, 'SPG0000053', 0000000049, '', 0),
(0000000133, 'PZG0000005', 0000000049, '', 0),
(0000000134, 'STG0000001', 0000000050, '', 0),
(0000000149, 'AVG0000026', 0000000052, '', 0),
(0000000150, 'ACT0000007', 0000000052, '', 0),
(0000000151, 'ACT0000176', 0000000052, '', 0),
(0000000152, 'PZG0000043', 0000000052, '', 0),
(0000000153, 'ACT0000015', 0000000053, 'YPWCQ-DVBRP-3HULC-', 0),
(0000000154, 'PZG0000043', 0000000054, '', 0);

-- --------------------------------------------------------

--
-- 資料表結構 `order_main`
--

CREATE TABLE `order_main` (
  `OID` int(10) UNSIGNED ZEROFILL NOT NULL,
  `Customer` varchar(20) NOT NULL,
  `Discount` int(11) NOT NULL,
  `Total_Price` int(11) NOT NULL,
  `Status` int(1) NOT NULL,
  `Order_Time` timestamp NOT NULL DEFAULT CURRENT_TIMESTAMP
) ENGINE=InnoDB DEFAULT CHARSET=latin1;

--
-- 資料表的匯出資料 `order_main`
--

INSERT INTO `order_main` (`OID`, `Customer`, `Discount`, `Total_Price`, `Status`, `Order_Time`) VALUES
(0000000001, 'wasd', 0, 0, 1, '2017-12-20 09:01:48'),
(0000000005, 'wasd', 0, 0, 1, '2017-12-23 12:03:21'),
(0000000006, 'asdf', 0, 278, 1, '2017-12-23 14:13:34'),
(0000000012, 'qwer', 0, 0, 0, '2017-12-24 02:42:44'),
(0000000014, 'qwer', 20, 9121, 0, '2017-12-24 05:05:30'),
(0000000037, 'wasd', 55, 0, 1, '2017-12-24 09:09:07'),
(0000000039, 'user2@ntut.org', 0, 0, 0, '2017-12-24 14:29:57'),
(0000000040, 'asdf', 0, 0, 0, '2017-12-24 19:21:46'),
(0000000042, 'yo@mother.fuck.er', 0, 0, 0, '2017-12-25 06:47:10'),
(0000000043, 'wasd', 294, 4755, 1, '2017-12-25 07:03:30'),
(0000000045, 'wasd', 294, 836, 1, '2017-12-25 10:01:30'),
(0000000049, 'e04', 98, 2445, 1, '2017-12-25 13:51:16'),
(0000000050, 'wasd', 0, 666, 1, '2017-12-25 13:52:56'),
(0000000051, 'wasd', 294, 0, 1, '2017-12-25 14:34:42'),
(0000000052, 'IronRuTo', 42, 4998, 1, '2017-12-25 14:42:13'),
(0000000053, 'admin', 0, 1619, 1, '2017-12-26 01:25:23'),
(0000000054, 'wasd', 42, 278, 1, '2017-12-26 06:24:34');

-- --------------------------------------------------------

--
-- 資料表結構 `product`
--

CREATE TABLE `product` (
  `PID` varchar(10) CHARACTER SET utf8 COLLATE utf8_unicode_ci NOT NULL,
  `Product_Name` varchar(255) CHARACTER SET utf8 COLLATE utf8_unicode_ci NOT NULL,
  `Price` int(11) NOT NULL,
  `Product_Description` text CHARACTER SET utf8 COLLATE utf8_unicode_ci,
  `System_Requirement` text CHARACTER SET utf8 COLLATE utf8_unicode_ci,
  `Supplier` varchar(255) CHARACTER SET utf8 COLLATE utf8_unicode_ci NOT NULL,
  `Launch_Date` date NOT NULL,
  `Category` varchar(10) NOT NULL,
  `Modified_Time` timestamp NOT NULL DEFAULT CURRENT_TIMESTAMP ON UPDATE CURRENT_TIMESTAMP,
  `Pic_Url` varchar(255) NOT NULL
) ENGINE=InnoDB DEFAULT CHARSET=latin1;

--
-- 資料表的匯出資料 `product`
--

INSERT INTO `product` (`PID`, `Product_Name`, `Price`, `Product_Description`, `System_Requirement`, `Supplier`, `Launch_Date`, `Category`, `Modified_Time`, `Pic_Url`) VALUES
('ACT0000007', 'Grand Theft Auto V', 1944, '駕駛您的超跑從特技跳台一飛沖天、跳傘橫跨阿拉莫海，再用桶滾動作穿越一道道的空中閘門，一路飆向終點線吧！全部都能在 GTA 線上模式的全新型態「變形狂飆競速」中，在一條賽道上一口氣完成。駕駛您的超跑從特技跳台一飛沖天、跳傘橫跨阿拉莫海，再用桶滾動作穿越一道道的空中閘門，一路飆向終點線吧！全部都能在 GTA 線上模式的全新型態「變形狂飆競速」中，在一條賽道上一口氣完成。', '作業系統: Windows 8.1 64 位元、Windows 8 64 位元、Windows 7 64 位元 Service Pack 1、Windows Vista 64 位元 Service Pack 2* (*如使用 Vista 作業系統，建議使用 NVIDIA 顯示卡)\r\n處理器: Intel Core 2 四核心 CPU Q6600 @ 2.40GHz (4 CPUs) / AMD Phenom 9850 四核心處理器 (4 個 CPU) @ 2.5GHz\r\n記憶體: 4 GB 記憶體\r\n顯示卡: NVIDIA 9800 GT 1GB / AMD HD 4870 1GB (DX 10、10.1、11)\r\n儲存空間: 72 GB 可用空間\r\n音效卡: 100% DirectX 10 相容', 'Rockstar Games', '2015-04-14', 'ACT', '2017-12-12 11:21:55', ''),
('ACT0000015', 'Watch_Dogs 2', 1619, '扮演年輕的聰明駭客馬可仕．哈洛威（Marcus Holloway），來到技術革命的起源地：舊金山灣區。\r\n加入最惡名昭彰的駭客團體 DedSec，執行史上最大規模的駭客行動，徹底消滅犯罪首腦用來大規模監視操控市民的侵入性運作系統 ctOS 2.0。\r\n探索動態開放世界，充滿各種遊戲操作可能。\r\n駭進每一組連線裝置，控制城市公共設施。\r\n根據你的遊戲風格培養不同技能，升級你的駭客工具：遙控車、四旋翼無人機、3D 列印武器和更多內容。\r\n在全新的合作模式和對抗式多人遊戲與好友無縫連線，享受全新的《看門狗》遊戲體驗。', '作業系統: Windows 7 SP1, Windows 8.1, Windows 10 (64bit versions only)\r\n處理器: Intel Core i5 2400s @ 2.5 GHz, AMD FX 6120 @ 3.5 GHz or better\r\n記憶體: 6 GB 記憶體\r\n顯示卡: NVIDIA GeForce GTX 660 with 2 GB VRAM or AMD Radeon HD 7870, with 2 GB VRAM or better - See supported List*\r\n網路: 寬頻網際網路連線\r\n儲存空間: 27 GB 可用空間\r\n音效卡: DirectX compatible using the latest drivers', 'Ubisoft', '2016-11-28', 'ACT', '2017-12-02 14:17:02', ''),
('ACT0000030', 'Hitman 2 Silent Assassin', 205, 'Enter the realm of a retired assassin, forced back into action by treason. You may be a hired killer but you still have a sense of loyalty and justice. Visit the dark recesses of a world corrupted by crime, greed, degradation and dishonor. And a past that catches up with you. \r\nTrust no one - if the price is right, the finger of your most trusted ally will be on the trigger. Your targets may hide in the most remote areas of the planet, but their destruction is never prevented - only postponed.\r\nLearn your trade - master your tools - overcome your obstacles - outsmart your enemies - eliminate your targets. Remember: rash decisions bleed consequences. Know when to strike instantly, know when to take your time. Chance favors the prepared. Failure is not an option.', '作業系統: Microsoft Windows 98/ME/XP\n處理器: Pentium 3 450 MHz or equivalent\n顯示卡: 100% DirectX 8.1 compatible video card with at least 16 megabytes of video memory\n記憶體: 128 MB\n音效卡: 100% DirectX 8.1 compatible sound card\n儲存空間: 800 MB uncompressed free hard drive space', 'Io-Interactive A/S', '2002-10-01', 'ACT', '2017-12-14 07:26:48', ''),
('ACT0000038', 'The Elder Scrolls V Skyrim', 1230, 'Winner of more than 200 Game of the Year Awards, Skyrim Special Edition brings the epic fantasy to life in stunning detail. The Special Edition includes the critically acclaimed game and add-ons with all-new features like remastered art and effects, volumetric god rays, dynamic depth of field, screen-space reflections, and more. Skyrim Special Edition also brings the full power of mods to the PC and consoles. New quests, environments, characters, dialogue, armor, weapons and more – with Mods, there are no limits to what you can experience.', '作業系統: Windows 7/8.1/10 (64-bit Version)\r\n處理器: Intel i5-750/AMD Phenom II X4-945\r\n記憶體: 8 GB 記憶體\r\n顯示卡: NVIDIA GTX 470 1GB /AMD HD 7870 2GB\r\n儲存空間: 12 GB 可用空間', 'Bethesda Game Studios ', '2016-10-28', 'ACT', '2017-12-02 14:17:39', ''),
('ACT0000040', 'Castle Crashers', 268, '在 The Behemoth 這款得獎作品中依您的方式殺出血路並贏得勝利吧！《Castle Crashers》除了手繪人物外，Steam 版本帶來前所未見的高畫質視覺享受。您可以和好友在本機或線上進行四人遊戲，拯救公主、守護王國並摧毀城堡！\r\n遊戲特色：\r\n・ 解開超過 25 種角色和 40 種以上的武器！\r\n・ 直覺連擊與魔法系統：當角色在遊戲中發展的同時也將解開更多的攻擊方式。\r\n・ 升級您的角色，提升力量、魔法、防禦、敏捷屬性。 \r\n・ 可愛的動物球作為您旅程上的忠實夥伴，並提供不同的額外能力。\r\n・ 競技場模式：和其他玩家進行死鬥或是團隊作戰！\r\n・ 瘋狂模式：在這個終極挑戰中測試您的實力\r\n・ Necromantic Booster Pack（包括人物 Necromancer 以及 Cult Minion）\r\n・ King Booster Pack（包括人物 The King 以及 Open-Faced Gray Knight）\r\n・ 大胃王迷你遊戲\r\n・ 另外包括：可遊玩的外星人角色', '作業系統：Microsoft® Windows® XP / Vista / 7\r\n處理器Intel Core 2 Duo 2GHz+ 或更高\r\n記憶體：1 GB\r\n顯示卡：256 MB 顯示卡\r\nDirectX®：9.0c\r\n硬碟：255 MB 硬碟空間\r\n音效卡：相容 DirectX\r\n其他需求：寬頻網路連線', 'The Behemoth', '2012-09-27', 'ACT', '2017-12-02 14:17:42', ''),
('ACT0000041', 'Battle Dome', 398, 'バトルドーム！！\n\n將球Shoooot進對手的球門！！\n超！EXCITING！\n\n3D動作遊戲！\nBattle Dome，TSUKUDA ORIGINAL™出品。', '作業系統: Windows 7\r\n處理器: Intel Core i5 4590\r\n記憶體: 8 GB 記憶體\r\n顯示卡: GeForce GTX 970\r\n儲存空間: 200 MB 可用空間', 'ツクダオリジナル', '1994-10-01', 'ACT', '2017-12-19 08:10:46', ''),
('ACT0000048', 'Magicka', 278, 'Magicka is a satirical action-adventure game set in a rich fantasy world based on Norse mythology. The player assumes the role of a wizard from a sacred order tasked with stopping an evil sorcerer who has thrown the world into turmoil, his foul creations besieging the forces of good. \r\nPlayers will be able to combine the elements to cast spells, wreaking havoc and devastation on the minions of darkness. They will also be able to team up with friends and fight their way through the campaign, or test their skills in the magickal arts through other challenging modes. \r\nIn Magicka, up to four players take on a grand adventure to save their world from certain doom using a fully dynamic spell system. The adventure mode takes the players across three different levels, ranging from the lush forests of mountain valleys to the frozen halls of the Mountain King where wits and creative thinking are the keys to victory. \r\nIn the unlockable hardcore challenge mode, players fight off waves of enemies to earn their place on local and online leaderboards. ', 'OS: Windows XP/Vista/7 (32- or 64-bit)\r\nProcessor: Intel® Pentium® IV 2.4 GHz or AMD 3500+\r\nMemory: 2 GB RAM\r\nHard Disk Space: 2 GB Available Space\r\nVideo Card: NVIDIA® GeForce 8800 or ATI Radeon® X1900 (Integrated Video Cards not recommended)\r\nDirectX®: DirectX 9\r\nSound: DirectX-compatible sound card\r\nAdditional: 3-button mouse, keyboard and speakers. DSL Internet connection for multiplayer. .NET 3.5 required', 'Paradox Interactive', '2011-01-25', 'ACT', '2017-12-02 14:17:55', ''),
('ACT0000059', 'DARK SOULS III', 1290, '─贏得gamescom 2015 \"\"Best RPG\"\" 獎項，以及於2015 E3展獲得超過35項獎項及提名─\r\n\r\nDARK SOULS™ III為即將推出，極具話題性及代表性的系列新作。\r\n\r\n當火漸熄，世界趨於毀滅，您將再踏上面臨更多磨難、大量敵人與難關的旅途。玩家將沉浸在史詩氛圍的世界之中，感受更快速的遊玩節奏與棘手的戰鬥強度帶來的黑暗氣息。不論新手或是老玩家，都將因著名的遊戲體驗、實境般的遊戲畫面為之著迷。\r\n如今僅剩餘火尚存……作好準備，再次擁抱黑暗', '作業系統: Windows 7 SP1 64bit, Windows 8.1 64bit Windows 10 64bit\r\n處理器: Intel Core i3-2100 / AMD® FX-6300\r\n記憶體: 4 GB 記憶體\r\n顯示卡: NVIDIA® GeForce GTX 750 Ti / ATI Radeon HD 7950\r\nDirectX: 版本：11\r\n網路: 寬頻網際網路連線\r\n儲存空間: 25 GB 可用空間\r\n音效卡: DirectX 11 sound device', 'FromSoftware, Inc. , BANDAI NAMCO Entertainment', '2016-04-12', 'ACT', '2017-12-02 14:18:13', ''),
('ACT0000077', 'Risk of Rain', 278, 'Risk of Rain is an action platformer with roguelike elements. With permanent death as a primary feature, players will have to play their best to get as far as possible. Fight on a mysterious planet with randomly spawning enemies and bosses, either alone or with 3 friends in online co-op. With over 100 items at your disposal, you will find the tools you need to find the teleporter back home. Discover a myriad of randomly chosen stages, from the desolate forest to the frozen tundra.', '作業系統: Windows Vista / 7\r\n處理器: 2.5 GHz\r\n記憶體: 1 GB 記憶體\r\n顯示卡: Direct X9.0c Compatible Card\r\nDirectX: 版本：9.0\r\n儲存空間: 130 MB 可用空間', 'Chucklefish', '2013-11-09', 'ACT', '2017-12-02 14:18:42', ''),
('ACT0000078', 'Duck Game', 238, 'Enter the futuristic year of 1984, an age where ducks run wild in a frantic battle for glory. Win over the crowd and gain a following by blasting your feathered friends with Shotguns, Net Guns, Mind Control Rays, Saxophones, Magnet Guns, and pretty much anything else a duck could use as a weapon. One hit and you\'re roasted. This is DUCK GAME. Don\'t blink.', '作業系統: Windows 7\r\n處理器: 2.0GHZ\r\n記憶體: 1 GB 記憶體\r\n顯示卡: Pixel Shader 2.0\r\nDirectX: 版本：9.0\r\n儲存空間: 150 MB 可用空間', 'Adult Swim Games', '2015-06-05', 'ACT', '2017-12-02 14:18:45', ''),
('ACT0000091', 'Nioh Complete Edition', 1490, '這款黑暗風格的戰國動作RPG以賊人囂張跋扈，妖怪們四處蠢動的幽玄日本戰國時代為舞台，並以史實人物「三浦按針」為藍本創造出金髮碧眼武士「威廉」，描寫他歷經幾番死鬥的故事。\r\n本作除了以戰國時代末期的史實為基礎，有著許多實際存在的戰國武將登場，故事原創又深奧札實，也將是能夠提供充分的緊張感與極高的成就感，足以稱之為「戰國殊死遊戲」的作品。', '作業系統: Windows® 10 64bit, Windows® 8.1 64bit, Windows® 7 64bit\r\n處理器:  Intel® Core™ i5 3550 以上\r\n記憶體: 6 GB 記憶體\r\n顯示卡: NVIDIA® GeForce® GTX 780 VRAM 3GB 以上　AMD Radeon™ R9 280 VRAM 3GB 以上\r\nDirectX: 版本：11\r\n網路: 寬頻網際網路連線\r\n儲存空間: 80 GB 可用空間\r\n音效卡: 相容16bit立體聲, 可播放48KHzWAVE格式檔案', 'KOEI TECMO GAMES CO., LTD.', '2017-11-07', 'ACT', '2017-12-02 14:19:07', ''),
('ACT0000092', 'ICEY', 328, '《ICEY艾希》是一款2D橫版動作遊戲，跟隨旁白的指示，你將會通過ICEY的眼睛去看，去戰鬥並發掘在遊戲中世界的真相。\r\n\r\n好吧好吧，我騙了你，這其實根本不是一個2D橫版動作遊戲，你也不會通過ICEY的眼睛去看，你也不會去探尋這個世界的真相——旁白如是說道。表面上是一款2D橫版動作遊戲，跟隨旁白的指示，你將會通過ICEY的眼睛去看，去戰鬥並發掘在遊戲中世界的真相。\r\n\r\n其實，這是一款Meta遊戲，玩家需要通過對抗旁白的指示，思考何為遊戲、何為真相。在《ICEY艾希》中，你扮演的是ICEY，而非“你自己”。當然你也可以扮演“你自己”，而非ICEY。這是一個包裹著動作遊戲外衣的陷阱。\r\n\r\n現在，就是你發掘其真正故事的時刻。', '作業系統: Windows 7, Windows 8, or Windows 10\r\n處理器: Intel Core 2 Duo @ 2.00 GHz or equivalent\r\n記憶體: 2 GB 記憶體\r\n顯示卡: Intel® HD Graphics or better\r\n儲存空間: 6 GB 可用空間', 'X.D. Network Inc.', '2016-11-27', 'ACT', '2017-12-02 14:19:08', ''),
('ACT0000095', 'Worms Revolution', 398, 'Worms™ Revolution is the latest game in the classic turn-based strategy series to come to the PC,  featuring exciting new features and beautiful 3D graphics whilst retaining the classic 2D gameplay that fans love. Choose to play the extensive single player mode which features both campaign and puzzle missions or dive straight into multiplayer warfare via online or local play. For the first time ever see the inclusion of dynamic water, physics objects and worm classes! Customise your experience by choosing what classes you play with, what they look like and even how they speak!\r\n \r\nWorms™ Revolution sticks an exploding sheep under worm-on-worm conflict and blasts it squarely into the 21st century.', 'OS: Windows XP\r\nProcessor: Dual Core CPU\r\nMemory: 2 GB RAM\r\nGraphics: NVIDIA GeForce 8600 GT (256 MB), Intel HD3000 or Radeon HD 3650 (512 MB)\r\nOther Requirements: Broadband Internet connection', 'Team17 Digital Ltd', '2012-10-11', 'ACT', '2017-12-02 14:19:13', ''),
('ACT0000117', 'Montaro', 30, '咚咚咚咚向前奔跑，超可愛的柴犬夢太郎療癒你的心。\r\n解放夢太郎奔向城市邊際，小心避開街道的障礙物別撞昏頭；\r\n蒐集Ð幣為夢太郎換上特色新裝，夢太郎即將萌度破表！\r\n\r\n-隨機自動產生的街道\r\n-超過八種可解鎖的服裝\r\n-跑越遠越好，解放你的柴柴認識更多的外面的世界\r\n\r\n跟著呆萌夢太郎一起勇敢冒險吧!', '作業系統: Windows 7/8/8.1/10 32/64bit\r\n處理器: Intel Core 2 Duo or greater\r\n記憶體: 256 MB 記憶體\r\n顯示卡: Intel HD Graphics 4000 or greater\r\nDirectX: 版本：9.0c\r\n儲存空間: 160 MB 可用空間', 'JCKSLAP', '2016-07-25', 'ACT', '2017-12-02 14:19:50', ''),
('ACT0000118', 'Nyan Cat: Lost In Space', 66, 'Play with the most celebrated flying cat in human history. Drink milk, eat ice-cream, collect coins, buy gorgeous boosts, fly like a superhero (sorry... supercat), jump onto platforms made of cake, avoid angry dogs, and discover the infinite space.', '作業系統: Windows Vista\r\n處理器: 1.0 GHz Processor\r\n記憶體: 1024 MB 記憶體\r\n顯示卡: OpenGL 2.0 compatible graphics\r\n儲存空間: 100 MB 可用空間\r\n音效卡: Microsoft Windows compatible', 'isTom Games Kft. ', '2015-12-04', 'ACT', '2017-12-02 14:19:52', ''),
('ACT0000141', 'Grand Theft Auto IV', 648, 'What does the American dream mean today? For Niko Bellic fresh off the boat from Europe, it is the hope he can escape from his past. For his cousin, Roman, it is the vision that together they can find fortune in Liberty City, gateway to the land of opportunity.', 'OS: Windows Vista - Service Pack 1 / Windows XP - Service Pack 3 \r\nProcessor: Intel Core 2 Duo 1.8GHz, AMD Athlon X2 64 2.4GHz \r\nMemory: 1.5GB XP / 1.5GB Vista \r\nGraphics: 256MB Nvidia 7900 / 256MB ATI X1900 \r\nDirectX Version: DirectX 9.0c Compliant Card \r\nHard Drive: 16GB of Hard Disc Space \r\nSound Card: 5.1 Channel Audio Card \r\nOther Requirements: Initial activation requires internet connection; Online play requires log-in to Games For Windows - Live and Rockstar Games Social Club (13+ to register); software installations required including Adobe Flash, DirectX, Microsoft’s .NET Framework 3.0, Games For Windows - LIVE, and Internet Explorer.', 'Rockstar Games', '2008-12-03', 'ACT', '2017-12-12 11:14:06', ''),
('ACT0000142', 'Grand Theft Auto III', 324, '《俠盜獵車手 3》、《俠盜獵車手：聖安地列斯》和《俠盜獵車手：罪惡城市》現在推出 Mac 版本！', 'OS: Microsoft® Windows® 2000/XP\r\nProcessor: Pentium III® 450 MHz CPU\r\nMemory: 96 MB RAM\r\nGraphics: 16 MB Direct 3D Video Card\r\nDirectX Version: Microsoft DirectX® 8.1\r\nHard Drive: 500 MB uncompressed free hard disk space\r\nSound Card:Fully DirectX compatible Sound Card\r\nRECOMMENDED:\r\nProcessor: 700 MHz CPU\r\nMemory: 128 MB RAM\r\nGraphics: 32 MB Direct3D Video Card', 'Rockstar Games', '2002-05-21', 'ACT', '2017-12-12 11:14:11', ''),
('ACT0000143', 'Grand Theft Auto - Vice City', 324, 'Welcome to Vice City. Welcome to the 1980s. From the decade of big hair, excess and pastel suits comes a story of one man\'s rise to the top of the criminal pile.', 'OS: Microsoft® Windows® 2000/XP\r\nProcessor: 800 MHz Intel Pentium III or 800 MHz AMD Athlon or 1.2GHz Intel Celeron or 1.2 GHz AMD Duron processor\r\nMemory: 128 MB of RAM\r\nGraphics: 32 MB video card with DirectX 9.0 compatible drivers (\"\"GeForce\"\" or better)\r\nDirectX Version: Microsoft DirectX® 9.0\r\nHard Drive: 915 MB of free hard disk space (+ 635 MB if video card does NOT support DirectX Texture Compression)\r\nSound Card: Sound Card with DirectX 9.0\r\nRECOMMENDED:\r\nProcessor: Intel Pentium IV or AMD Athlon XP processor 256(+) MB of RAM\r\nMemory: 1.55 GB of free hard disk space(+ 635 MB if video card does NOT support DirectX Texture Compression)\r\nGraphics: 64(+) MB video card with DirectX 9.0 compatible drivers (\"\"GeForce 3\"\" / \"\"Radeon 8500\"\" or better with DirectX Texture Compression support)', 'Rockstar Games', '2003-05-13', 'ACT', '2017-12-12 11:14:15', ''),
('ACT0000144', 'Grand Theft Auto - San Andreas', 486, 'Five years ago Carl Johnson escaped from the pressures of life in Los Santos, San Andreas... a city tearing itself apart with gang trouble, drugs and corruption. Where filmstars and millionaires do their best to avoid the dealers and gangbangers. Now, it\'s the early 90s. Carl\'s got to go home.', 'OS: Microsoft® Windows® 2000/XP\r\nProcessor: 1Ghz Pentium III or AMD Athlon Processor\r\nMemory: 256MB of RAM\r\nGraphics: 64MB Video Card (Geforce 3 or better)\r\nHard Drive: 3.6GB of free hard disk space (minimal install)\r\nOther Requirements: Software installations required including DirectX and Sony DADC SecuROM\r\nPartner Requirements: Please check the terms of service of this site before purchasing this software.', 'Rockstar Games', '2005-06-06', 'ACT', '2017-12-12 11:14:19', ''),
('ACT0000145', 'Grand Theft Auto - Episodes from Liberty City', 648, 'Grand Theft Auto: Episodes from Liberty City includes both The Lost and Damned and The Ballad of Gay Tony together and does not require a copy of the original Grand Theft Auto IV to play.', 'OS: Windows Vista - Service Pack 1 / Windows XP - Service Pack 3 \r\nProcessor: Intel Core 2 Duo 1.8GHz, AMD Athlon X2 64 2.4GHz \r\nMemory: 1.5GB XP / 1.5GB Vista \r\nGraphics: 256MB Nvidia 7900 / 256MB ATI X1900 \r\nDirectX Version: DirectX 9.0c Compliant Card \r\nHard Drive: 16GB of Hard Disc Space \r\nSound Card: 5.1 Channel Audio Card \r\nOther Requirements: Initial activation requires internet connection; Online play requires log-in to Games For Windows - Live and Rockstar Games Social Club (13+ to register); software installations required including Sony DADC SecuROM, Adobe Flash, DirectX, Games for Windows - LIVE, and Internet Explorer.', 'Rockstar Games', '2010-04-13', 'ACT', '2017-12-12 11:14:23', ''),
('ACT0000146', 'Grand Theft Auto IV - Complete Edition', 1038, 'PLEASE NOTE: Microsoft no longer supports creating Games for Windows-LIVE accounts within Grand Theft Auto IV. You can create an account through account.xbox.com and then log into your account in game. \r\n\r\nThis standalone retail title spans three distinct stories, interwoven to create one of the most unique and engaging single-player experiences of this generation.\r\n\r\nThis definitive Grand Theft Auto bundle boasts hundreds of hours of single-player gameplay; a full suite of open-world multiplayer game types limited only by players’ creativity; dozens of eclectic radio stations with hours of music and original dialogue', 'OS: Windows Vista - Service Pack 1 / Windows XP - Service Pack 3 \r\nProcessor: Intel Core 2 Duo 1.8GHz, AMD Athlon X2 64 2.4GHz \r\nMemory: 1.5GB XP / 1.5GB Vista \r\nGraphics: 256MB Nvidia 7900 / 256MB ATI X1900 \r\nDirectX Version: DirectX 9.0c Compliant Card \r\nHard Drive: 32GB of Hard Disc Space \r\nSound Card: 5.1 Channel Audio Card \r\nOther Requirements: Initial activation requires internet connection; Online play requires log-in to Games For Windows - Live and Rockstar Games Social Club (13+ to register); software installations required including Adobe Flash, DirectX, Microsoft’s .NET Framework 3.0, Games For Windows - LIVE, and Internet Explorer.', 'Rockstar Games', '2010-10-28', 'ACT', '2017-12-12 11:14:26', ''),
('ACT0000156', 'Caveblazers', 278, 'Caveblazers is a challenging and brutal roguelike platformer. Journey into a mysterious cave, fighting orcs and goblins with an abundance of weapons and magical items! Make friends along the way to aid your adventure, then watch in despair as they are crushed in to a bloody pulp under a troll\'s fist.', '作業系統: Windows Vista, 7, 8 or 10\r\n處理器: Dual Core\r\n記憶體: 2 GB 記憶體\r\n顯示卡: 512 MB\r\nDirectX: 版本：9.0', 'The Yogscast', '2017-05-24', 'ACT', '2017-12-04 17:02:09', ''),
('ACT0000176', 'Call of Duty- WWII', 1998, 'Call of Duty: WWII returns to its roots with a breathtaking experience that redefines World War II for a new gaming generation.', '作業系統: Windows 7 64-Bit or later\r\n處理器: CPU: Intel® Core™ i3 3225 3.3 GHz or AMD Ryzen™ 5 1400\r\n記憶體: 8 GB 記憶體\r\n顯示卡: NVIDIA® GeForce® GTX 660 @ 2 GB / GTX 1050 or ATI® Radeon™ HD 7850 @ 2GB / AMD RX 550\r\nDirectX: 版本：11\r\n網路: 寬頻網際網路連線\r\n儲存空間: 90 GB 可用空間\r\n音效卡: DirectX Compatible', 'Activision', '2017-11-02', 'STG', '2017-12-19 07:50:07', ''),
('ACT0000178', 'Total War WARHAMMER II', 1690, '獲獎作品 Total War: Warhammer的續集, Total War: Warhammer II將會在新世界給大家帶來一次令人吃驚的探索、擴張、和征服旅程。', '作業系統: Windows 7 64Bit\r\n處理器: Intel® Core™ 2 Duo 3.0Ghz\r\n記憶體: 5 GB 記憶體\r\n顯示卡: NVIDIA GTX 460 1GB | AMD Radeon HD 5770 1GB | Intel HD4000 @720p\r\n儲存空間: 60 GB 可用空間', 'SEGA', '2017-09-28', 'ACT', '2017-12-11 14:11:12', ''),
('ACT0000180', 'Dishonored', 320, '《冤罪殺機》是一款能讓您扮演被復仇意念駕馭的超能殺手的實境第一人稱視角動作遊戲，《冤罪殺機》帶來靈活的戰鬥系統、開放自由的要素讓您自由組合超自然能力消滅目標，以及千奇百怪的武器與道具供您差遣。在夜幕的掩護下襲擊您的敵人，並使其死在您的刀下，每一個任務的進行過程將取決您作出的選擇。', 'OS: Windows Vista / Windows 7\r\nProcessor: 3.0 GHz dual core or better\r\nMemory: 3 GB system RAM\r\nHard Disk Space: 9 GB\r\nVideo Card: DirectX 9 compatible with 512 MB video RAM or better (NVIDIA GeForce GTX 460 / ATI Radeon HD 5850)\r\nSound: Windows compatible sound card', 'Bethesda Softworks', '2012-10-09', 'ACT', '2017-12-04 18:29:34', ''),
('ACT0000181', 'Dishonored Death of the Outsider', 970, '榮獲大獎肯定的Arkane® Studios開發團隊，現在為你帶來大受好評的《Dishonored®》系列第一款獨立冒險故事：《Dishonored®：界外魔之死》。化身強悍超自然刺客，扮演惡名昭彰的比莉‧羅克，與恩師多德再次聚首，執行史上最偉大的暗殺計畫。', '作業系統: Windows 7/8/10 (64 bit version)\r\n處理器: Intel i5-2400 (4 core)/AMD FX-8320 (8 core)\r\n記憶體: 8 GB 記憶體\r\n顯示卡: NVidia GTX 660 2GB/AMD Radeon 7970 3GB\r\n儲存空間: 32 GB 可用空間', 'Bethesda Softworks', '2017-09-14', 'ACT', '2017-12-11 14:11:26', ''),
('ACT0000182', 'ONE PIECE PIRATE WARRIORS 3', 1190, '從一切旅程的起點，佛夏村，到邪惡的唐吉訶德·多佛朗明哥所掌管的神秘小島，德雷斯羅薩，如實呈現《航海王》的原版劇情。\r\n你有堅定的決心，可以打敗多佛朗明哥和其他史上最危險的海賊嗎？', '作業系統: Windows 7 / 8 / 8.1\r\n處理器: Core2Duo 2.4GHz\r\n記憶體: 2 GB 記憶體\r\n顯示卡: 512 MB Nvidia GeForce 8800 / ATI Radeon HD 3870\r\nDirectX: 版本：9.0c\r\n網路: 寬頻網際網路連線\r\n儲存空間: 13 GB 可用空間\r\n音效卡: DirectX® 9.0c or higher\r\n備註: Game pad support', 'BANDAI NAMCO Entertainment', '2015-08-28', 'ACT', '2017-12-04 18:37:30', ''),
('ACT0000183', 'DRAGON BALL XENOVERSE 2', 1290, '知名的DRAGON BALL XENOVERSE推出續作──DRAGON BALL XENOVERSE 2。 畫面表現提升後的DRAGON BALL XENOVERSE 2，將帶領你進入史上最龐大、最多彩的七龍珠世界。', '作業系統: Windows 7 and higher (64 bit only)\r\n處理器: AMD Phenom II X2 550, 3.1GHz | Intel Pentium G4400, 3.30GHz\r\n記憶體: 2 GB 記憶體\r\n顯示卡: GeForce GT 650 | Radeon HD 6570\r\nDirectX: 版本：11\r\n網路: 寬頻網際網路連線\r\n備註: For Windows 7, service pack 1 is required', 'BANDAI NAMCO Entertainment', '2016-10-28', 'ACT', '2017-12-04 18:40:34', ''),
('ACT0000184', 'Dishonored 2', 1230, 'Reprise your role as a supernatural assassin in Dishonored 2. Declared a “masterpiece” by Eurogamer and hailed “a must-play revenge tale” by Game Informer, Dishonored 2 is the follow up to Arkane’s 1st-person action blockbuster & winner of 100+ \'Game of the Year\' awards, Dishonored.', '作業系統: Windows 7/8/10 (64-bit versions)\r\n處理器: Intel Core i5-2400/AMD FX-8320 or better\r\n記憶體: 8 GB 記憶體\r\n顯示卡: NVIDIA GTX 660 2GB/AMD Radeon HD 7970 3GB or better\r\n儲存空間: 60 GB 可用空間', 'Bethesda Softworks', '2016-11-11', 'ACT', '2017-12-04 18:43:10', ''),
('AVG0000026', 'STEINS;GATE', 778, '全人類的命運由你左右\r\n而你究竟能否改變命運，拯救珍愛之人呢？\r\n\r\n《STEINS;GATE》系列作為假想科學冒險遊戲，有著累計100萬部銷量的超高人氣。 \r\n本作目前為止已移植了諸多平臺，可稱為名留視覺小說遊戲史的作品，現如今終於在Steam登場！\r\n\r\n岡部倫太郎——通稱倫倫——是個尚未從廚二病畢業的大學生。成立了名為「未來道具研究所」的社團，每天和朋友們發明著稀奇古怪的東西。\r\n這樣的他在一次偶然間發明了能將電子短信傳到過去的道具「時間機器」。\r\nSERN、John Titor、幻之古董PC「IBN5100」、時間機器、蝴蝶效應、時間旅行的11種理論——。\r\n在這諸多要素偶然重疊之時，圍繞著本部位於秋葉原的岡倫的社團，世界規模的“未來選擇權”掌握在了社團成員們的手上。', '作業系統: Windows7/8.1/10\r\n處理器: Sandy Bridge世代Core i3以上\r\n記憶體: 4 GB 記憶體\r\n顯示卡: Intel HD Graphics系列（1GB必須）\r\nDirectX: 版本：9.0c\r\n網路: 寬頻網際網路連線\r\n儲存空間: 13 GB 可用空間\r\n音效卡: 相容DirectSound', 'MAGES. Inc. ', '2009-10-15', 'AVG', '2017-12-02 14:17:20', ''),
('AVG0000046', 'NEKOPARA Vol. 1', 278, '水無月嘉祥離開了經營著具有悠久傳統的和菓子老店的老家，\r\n決心以西點師的身分，獨力開一間自己的蛋糕店\"La Soleil\"。\r\n\r\n但是從老家寄來的搬家行李裡頭，\r\n竟然混進了兩隻以前在老家養的人型貓，巧克力與香草。\r\n即使想將她們退還回去，在她們的苦苦哀求下嘉祥也只好讓步。於是就變成一個人 和兩隻貓一起經營這間\"La Soleil\"了。\r\n\r\n為了自己最喜歡的主人，就算失敗也要繼續努力下去的兩隻貓娘，共同編織出一段 溫暖人心的貓娘喜劇，現在將在此開店！\r\n', '作業系統: Vista\r\n處理器: 1.8 GHz Pentium 4\r\n記憶體: 1 GB 記憶體\r\n顯示卡: 1280 x 720\r\nDirectX: 版本：9.0\r\n儲存空間: 3 GB 可用空間', 'Sekai Project', '2014-12-30', 'AVG', '2017-12-02 14:17:52', ''),
('AVG0000056', 'The Walking Dead', 588, 'The Walking Dead is a five-part game series set in the same universe as Robert Kirkman\'s award-winning comic book series. Play as Lee Everett, a convicted criminal, who has been given a second chance at life in a world devastated by the undead. With corpses returning to life and survivors stopping at nothing to maintain their own safety, protecting an orphaned girl named Clementine may offer him redemption in a world gone to hell.', 'OS: XP Service Pack 3\r\nProcessor: 2.0 GHz Pentium 4 or equivalent \r\nMemory: 3 GB RAM \r\nHard Disk Space: 2 GB Space Free \r\nVideo Card: ATI or NVidia card w/ 512 MB RAM (Not recommended for Intel integrated graphics)\r\nDirectX®: Direct X 9.0c \r\nSound: Direct X 9.0c sound device', 'Telltale Games', '2012-04-25', 'AVG', '2017-12-02 14:18:08', ''),
('AVG0000057', 'Heavy Rain', 1590, '充滿懸疑氛圍的《暴雨殺機》中英文合版，玩家將面對 4 名身分背景不同的主角各自的命運，如何在「摺紙殺人魔」事件中相互關連，並發掘暗藏在豪雨中的真正殺手。本作由曾擔當《全面失控（Indigo Prophecy）》的 Quantic Dream 所開發的冒險遊戲，已於日前正式在台發售。', '遊戲平台：PS3', 'SCEA', '2010-02-25', 'AVG', '2017-12-02 14:18:10', ''),
('AVG0000058', 'Outlast', 468, 'Hell is an experiment you can\'t survive in Outlast, a first-person survival horror game developed by veterans of some of the biggest game franchises in history. As investigative journalist Miles Upshur, explore Mount Massive Asylum and try to survive long enough to discover its terrible secret... if you dare.', '作業系統: Windows XP / Vista / 7 / 8 - 64 bits *\r\n處理器: 2.2 GHz Dual Core CPU\r\n記憶體: 2 GB 記憶體\r\n顯示卡: 512 MB NVIDIA GeForce 9800GTX / ATI Radeon HD 3xxx series\r\nDirectX: 版本：9.0c\r\n網路: 寬頻網際網路連線\r\n儲存空間: 5 GB 可用空間\r\n音效卡: DirectX Compatible', 'Red Barrels', '2013-09-04', 'AVG', '2017-12-02 14:18:12', ''),
('AVG0000074', 'Deceit', 398, 'Deceit tests your instincts at trust and deception in a multiplayer first-person shooter. You wake up in an asylum to the sound of an unfamiliar voice, surrounded by five others. A third of your group have been infected with a virus, but who will escape? Whilst traversing the building the power will be going out creating darkness, allowing the infected players to transform into their terror form and strike. Find allies and complete objectives around the map to better your chances of survival.', '作業系統: Windows 7 (64 bit)\r\n處理器: Intel Core i3 / AMD Ryzen 3\r\n記憶體: 4 GB 記憶體\r\n顯示卡: NVIDIA GeForce GTX 650 Ti / AMD Radeon HD 7850\r\nDirectX: 版本：11\r\n網路: 寬頻網際網路連線\r\n儲存空間: 10 GB 可用空間', 'Automaton', '2017-03-04', 'AVG', '2017-12-02 14:18:37', ''),
('AVG0000076', 'Danganronpa Trigger Happy Havoc', 468, '《槍彈辯駁 希望學園與絕望高中生》是風格獨特的 2.5D 高速推理動作遊戲《槍彈辯駁》系列的初代作，曾在 PSP 與 PS Vita 上推出。本次預定推出的 PC 英文版是該系列首度登上 PC 平台，包含字幕與語音等內容將完全英文化，不過仍保留日文語音可供選擇（僅語音，不包含字幕）。', '作業系統: Windows 7\r\n處理器: 2.8 GHz Intel Core 2 Duo or better\r\n記憶體: 3 GB 記憶體\r\n顯示卡: OpenGL 3.2 or DirectX 9.0c compatible GPU with at least 1GB of VRAM\r\nDirectX: 版本：9.0c\r\n儲存空間: 5 GB 可用空間', 'Spike Chunsoft Co., Ltd.', '2016-02-18', 'AVG', '2017-12-02 14:18:40', ''),
('AVG0000083', 'Don\'t Starve', 268, 'Don’t Starve 是一款嚴峻又充滿科學與魔法的野外求生遊戲。\r\n您會在遊戲中扮演 Wilson，一名勇敢的紳士科學家。但他掉入了惡魔的陷阱中並被傳送到一個神秘的荒蕪世界。Wilson 必須學著利用手邊的資源，和棲息在此的各種生物打好關係，才能逃離這裡並找到回家的路。\r\n進入一個充滿神祕生物、危險與驚喜的未知世界。收集各種資源並製造出符合個人風格的必需物品。用您的方式來揭開這個神秘大陸的面紗。', 'OS:Windows XP/Vista/Windows 7/Windows 8\r\nProcessor:1.7+ GHz or better\r\nMemory:1+ gigs of RAM GB RAM\r\nGraphics:Radeon HD5450 or better; 256 MB or higher\r\nDirectX®:9.0c\r\nHard Drive:500 MB HD space\r\nSound:100% DirectX9.0c compatible sound card and drivers', 'Klei Entertainment', '2013-04-23', 'AVG', '2017-12-02 14:18:53', ''),
('AVG0000084', 'Don\'t Starve Together', 268, '《饑荒聯機版》是原生態荒野生存遊戲《饑荒》的多人聯機獨立資料片。現在，它包含資料片《A New Reign:Part 1》，即一系列更新的第一彈。《A New Reign》（新王朝）專為多人聯機遊戲而打造，能帶領玩家探索查理統治之下的《饑荒》遊戲世界。\r\n\r\n此外，《饑荒聯機版》還包含資料片《巨人國》，為遊戲增添了新的角色、季節、生物、生物群落以及各種巨型敵人所帶來的新挑戰。\r\n\r\n玩家即將進入一個光怪陸離且未經探索的世界，這裡充滿了奇怪的生物以及各式各樣的危險和意外。收集資源以製作符合你的生存風格的物品和建築。一路解開這塊奇怪大陸上的各種謎團。\r\n\r\n你可以在非公開遊戲中與好友並肩作戰，或者與陌生玩家在線上組隊去探險。攜手其他玩家克服惡劣的環境，或者自力更生，求得生存。\r\n\r\n你必須懂得隨機應變，且謹記一點：千萬別餓死。', '作業系統: Windows Vista/Windows 7/Windows 8\r\n處理器: 1.7+ GHz or better\r\n記憶體: 1 GB 記憶體\r\n顯示卡: Radeon HD5450 or better; 256 MB or higher\r\nDirectX: 版本：9.0c\r\n網路: 寬頻網際網路連線\r\n儲存空間: 750 MB 可用空間\r\n音效卡: 100% DirectX9.0c compatible sound card and drivers', 'Klei Entertainment', '2016-04-22', 'AVG', '2017-12-02 14:18:54', ''),
('AVG0000094', 'OKAMI HD', 650, '甚具和風色彩以華美世界‧日本為舞台的感人活劇「大神」，將化為高解像度登場。\r\n描繪得生動活潑的圖像，可以說完全吻合絕景之名，具氣息之美。\r\n成為大神天照，與具魅力的登場人物們，在一個充滿熱情讓人心動的故事，及這片美麗的大自然上驅馳。\r\n當迎接故事的終焉時，一定令你感動流涕⋯⋯。\r\n\r\n本作由原作「大神」的原創畫面和同樣以4:3的遊戲開始、遊戲讀取時出現的迷你遊戲等都會復活。能夠一邊利用高解像度；一邊體驗近似以前遊戲的模式來進行！', '作業系統: WINDOWS® 7 SP1, 8.1, 10 (64-BIT Required)\r\n處理器: Intel® Core™ i5-2500,3.3GHz\r\n記憶體: 2 GB 記憶體\r\n顯示卡: NVIDIA® GeForce® GTX 470\r\nDirectX: 版本：11\r\n儲存空間: 34 GB 可用空間\r\n音效卡: DirectSound compatible (must support DirectX® 9.0c or higher)', 'CAPCOM Co., Ltd.,', '2017-12-13', 'AVG', '2017-12-02 14:19:12', ''),
('AVG0000097', 'CLANNAD', 1038, 'After the death of his mother, Tomoya Okazaki—a guarded delinquent student at Hikarizaka High School—struggles to not only make sense of the abusive relationship he has with his alcoholic father, but also find meaning in his life. While on his way to class one morning, he meets a mystifying girl named Nagisa. She is a delinquent like him, but only because she is repeating her senior year, unlike the perpetually tardy Okazaki. From their brief encounter, Nagisa decides they should be friends, and enlists Tomoya\'s help to revive the school drama club. Not being busy in any way, he decides to join in. Along the way, the two make friends with many other students and try to find both solace and belonging in their endeavors.', '作業系統: Windows Vista or higher\r\n處理器: 1.2Ghz\r\n記憶體: 1 GB 記憶體\r\n顯示卡: 640x480\r\nDirectX: 版本：9.0c\r\n儲存空間: 7 GB 可用空間\r\n音效卡: DirectSound-compatible sound card', 'Sekai Project', '2015-11-24', 'AVG', '2017-12-02 14:19:17', ''),
('AVG0000116', 'Plug & Play', 66, '歡迎來到《即插即玩》的世界，這是一部由 Michael Frei 繪製，Mario von Rickenbach 編碼實現的交互動畫，一出圍繞插頭插座展開的、恬不知恥的超現實戲劇。關鍵字：奔跑，碰撞，轉換，墜落，戀愛，插進，拔出，推入。', '作業系統: Windows XP, Vista, 7, 8\r\n記憶體: 1 GB 記憶體\r\n儲存空間: 500 MB 可用空間', 'Etter Studio,', '2015-03-06', 'AVG', '2017-12-02 14:19:48', ''),
('AVG0000154', 'Detention', 299, '翠華中學，在這個偏遠山區的高中校園裡，一對偶然相遇的少男少女，在充滿詭譎氣氛的校園內受困後，試著探索、逃脫的過程。他們無法理解，為什麼過去熟悉的教室和走廊會如此讓人恐懼，似乎每個黑暗的角落裡，都隱藏著讓人難以想像的過去與惡意。最後兩人是否能平安離開校園呢？\r\n《返校》背景設定是以民國五零、六零的戒嚴年代作為原型的架空世界，藉由遊戲來呈現台灣特有的文化與情境，使用恐怖遊戲中少有的道教文化，東南亞的神怪傳說，讓玩家體驗到不同於其他恐怖遊戲的特殊風格與元素。\r\n遊戲為2D恐怖冒險解謎遊戲，在氣氛陰森詭異的校園中以2D橫捲的玩法，躲避鬼怪的同時探索校園，挖掘被埋藏的過去、故事中隱含的真相。\r\n充滿讓你背脊發涼氣氛的橫捲冒險遊戲。\r\n詭異的解謎要素配合恐怖情境，讓你探索時手心冒汗。\r\n獨特的台灣文化、東方元素融合，勾起過去的校園恐怖回憶\r\n融合電子，Lo-Fi與搖滾的原創音樂，使用亞洲獨特的樂器來交織成恐怖的樂章\r\n獨特的老舊照片拼貼風格，強烈的視覺讓你更融入返校的世界。\r\n支援多國語言（繁中、簡中、英文）\r\n支援Windows、Mac、Linux', '作業系統: Windows 7/8/10\r\n處理器: Intel(R) Core(TM)2 Duo 2.4, AMD Athlon(TM) X2 2.8 Ghz\r\n記憶體: 4 GB 記憶體\r\n顯示卡: Geforce 9600 GS, Radeon HD4000\r\nDirectX: 版本：9.0c\r\n儲存空間: 3 GB 可用空間\r\n音效卡: DirectX compatible', 'RedCandleGames', '2017-01-12', 'AVG', '2017-12-04 16:43:34', ''),
('AVG0000157', 'Broken Age', 468, 'A family friendly, hand-animated, puzzle-filled adventure game with an all-star cast, including Elijah Wood, Jack Black and Masasa Moyo. Funded by a record breaking crowdfunding campaign and designed by industry legend Tim Schafer, Broken Age is a timeless coming-of-age story.', '作業系統: Windows XP Service Pack 3\r\n處理器: 1.7 GHz Dual Core\r\n記憶體: 2 GB 記憶體\r\n顯示卡: NVIDIA GeForce GTX 260, ATI Radeon 4870 HD, Intel HD 3000, or equivalent card with at least 512 MB VRAM\r\nDirectX: 版本：9.0\r\n儲存空間: 2500 MB 可用空間\r\n音效卡: DirectX Compatible Sound Card\r\n備註: Must have OpenGL 3 with GLSL version 1.3', 'Double Fine Productions', '2014-01-29', 'AVG', '2017-12-04 17:02:09', ''),
('AVG0000158', 'The Cave', 398, 'Assemble your team of three from seven unlikely adventurers, then descend into the mysterious depths to explore The Cave!', '\"OS:Windows XP SP3\r\nProcessor:1.8 GHz dual core CPU\r\nMemory:1 GB RAM\r\nGraphics:256 MB GeForce 8800, Radeon 3850, or Intel HD 2000 Graphics\r\nDirectX®:9.0c\r\nHard Drive:1.5 GB HD space\r\nSound:DirectX Compatible Sound Card\"', 'SEGA', '2013-01-24', 'AVG', '2017-12-04 17:03:31', ''),
('AVG0000162', 'Hob', 468, '就讓 Hob 的世界轉變！獲獎工作室 Runic Games 繼 Torchlight I 和 II 之後全新推出的動作歷險巨作。您的機會來臨。請把握機會，開拓建設您的家園。', '作業系統: Windows 7 SP1 / 8.1 / 10\r\n處理器: i3 Sandy Bridge Dual Core or Equivalent\r\n記憶體: 4 GB 記憶體\r\n顯示卡: 2GB of VRAM; NVIDIA GeForce GTX 500 Series / AMD Radeon HD 7000 Series\r\nDirectX: 版本：11\r\n儲存空間: 5 GB 可用空間\r\n備註: Controller recommended.', 'Runic Games', '2017-09-27', 'AVG', '2017-12-04 17:10:43', ''),
('AVG0000165', 'The First Tree', 228, '一個美麗的第三人稱探索遊戲，述說兩個平行故事：一隻在尋找遺失家人的狐狸，以及一個在阿拉斯加與爸爸重建疏離關係的男孩。逐步發掘男孩生命中的物品，他與狐狸的旅程逐漸交織，導向第一棵樹。', '作業系統: Windows XP SP2+\r\n處理器: 2.4GHz CPU Dual Core\r\n記憶體: 8 GB 記憶體\r\n顯示卡: Geforce GTX 750 / Radeon R7 260X with 1GB Memory\r\n儲存空間: 4 GB 可用空間\r\n音效卡: DirectX compatible sound card\r\n備註: Only the Xbox 360 controller for PC is officially compatible', 'David Wehle', '2017-09-15', 'AVG', '2017-12-04 17:15:11', ''),
('AVG0000166', 'What Remains of Edith Finch', 468, 'What Remains of Edith Finch is a collection of strange tales about a family in Washington state. As Edith, you’ll explore the colossal Finch house, searching for stories as she explores her family history and tries to figure out why she\'s the last one in her family left alive.', '作業系統: Windows Vista SP2 64-bit or later\r\n處理器: Intel i3 2125 3.30 GHz or later\r\n記憶體: 2 GB 記憶體\r\n顯示卡: GeForce GTX 750/AMD Radeon 7790 or later\r\n儲存空間: 5 GB 可用空間', 'Annapurna Interactive', '2017-04-25', 'AVG', '2017-12-04 17:15:11', ''),
('AVG0000167', 'Sid Meier\'s Colonization (Classic)', 208, 'The New World lies before you with all its peril, promise and infinite possibility. Your colonists anxiously follow you to shore. The treasures of an entire continent await you.', '作業系統: Windows XP / Vista / 7\r\n處理器: 1.0 GHz Processor\r\n記憶體: 512 MB 記憶體\r\n顯示卡: 100% DirectX compatible graphics\r\n儲存空間: 100 MB 可用空間\r\n音效卡: 100% DirectX compatible card or onboard sound', 'Retroism, Nightdive Studios', '1994-01-01', 'AVG', '2017-12-04 17:50:43', ''),
('AVG0000179', 'Sword Art Online Hollow Realization Deluxe Edition', 1390, '本遊戲將包含季票與超值特典（含新娘禮服在內，共3件特殊服裝）。\r\n\r\n2026年，全新的VRMMORPG遊戲「Sword Art: Origin」正式上線。\r\n桐人在遊戲中遇上一位神秘NPC，並收到不明訊息。\r\n這遊戲，早已和他所熟悉的世界截然不同……\r\n\r\n刀劍神域原作川原礫老師所監製的全新原創劇情。\r\n為您呈現更壯闊世界觀與更刺激的冒險。\r\n在有如原創MMORPG般的遊戲感與介面中，\r\n您可利用多人遊玩模式與3位夥伴連線，\r\n各帶4人小隊，盡情享受16人聯手挑戰頭目的快感。', '作業系統: Windows 7/8/10 (64-bit OS required)\r\n處理器: Intel Core i5-4460 (3.40 GHz) or better; Quad-core or better\r\n記憶體: 8 GB 記憶體\r\n顯示卡: NVIDIA GeForce GTX 650 (2GB) or better (DirectX 11 card Required)\r\nDirectX: 版本：11\r\n網路: 寬頻網際網路連線\r\n儲存空間: 40 GB 可用空間\r\n音效卡: DirectX 11 compatible sound card', 'BANDAI NAMCO Entertainment', '2017-10-27', 'AVG', '2017-12-11 14:10:30', ''),
('FTG0000025', 'NARUTO SHIPPUDEN Ultimate Ninja STORM 4', 790, 'The latest opus in the acclaimed STORM series is taking you on a colourful and breathtaking ride. Take advantage of the totally revamped battle system and prepare to dive into the most epic fights you\'ve ever seen in the NARUTO SHIPPUDEN: Ultimate Ninja STORM series!\r\n\r\nPrepare for the most awaited STORM game ever created!', '作業系統: Windows (64bit) 7 or higher up to date\r\n處理器: Intel Core2 Duo, 3.0GHz - AMD Athlon 64 X2 Dual Core 6400+ 3.2GHz\r\n記憶體: 2 GB 記憶體\r\n顯示卡: 1024 MB video card\r\nDirectX: 版本：11\r\n儲存空間: 40 GB 可用空間', 'BANDAI NAMCO Entertainment', '2016-02-05', 'FTG', '2017-12-02 14:17:18', ''),
('FTG0000044', 'Mortal Kombat X', 667, '誰是下一個？體驗新一代的頂級格鬥運動。\r\n\r\n真人快打X在全新的遊戲體驗中融入了空前的、電影特效。真人快打X首次使玩家能夠從每個影響策略和戰鬥風格的不同角色變化中進行選擇。\r\n\r\n傳奇戰士Goro將作為增值禮包提供。', '作業系統: 64-bit: Vista, Win 7, Win 8, Win 10\r\n處理器: Intel Core i5-750, 2.67 GHz | AMD Phenom II X4 965, 3.4 GHz\r\n記憶體: 3 GB 記憶體\r\n顯示卡: NVIDIA GeForce GTX 460 | AMD Radeon HD 5850\r\nDirectX: 版本：11\r\n網路: 寬頻網際網路連線\r\n儲存空間: 36 GB 可用空間', 'Warner Bros. Interactive Entertainment', '2015-04-14', 'FTG', '2017-12-02 14:17:48', ''),
('FTG0000062', 'Street Fighter V', 1310, 'The legendary fighting franchise returns with STREET FIGHTER® V! Stunning visuals depict the next generation of World Warriors in unprecedented detail, while exciting and accessible battle mechanics deliver endless fighting fun that both beginners and veterans can enjoy. Challenge your friends online, or compete for fame and glory on the Capcom Pro Tour. The path to greatness begins here: RISE UP!\r\n\r\nDownload the cinematic story DLC “A Shadow Falls” today for FREE! Seven “Black Moons” are deployed by Shadaloo, granting M. Bison unimaginable power, as the earth falls into darkness. Seeing the moons mysteriously appear in the sky, Ryu, Ken, and Chun-Li embark on an epic journey around the world to retrieve fragment pieces that are the key to stopping the “Black Moons” before it\'s too late. Along the way, they encounter the rest of the World Warriors, each of whom have their own agendas and motivations in mind. The final battle between good and evil begins now…', '作業系統: Windows 7 64-bit\r\n處理器: Intel Core i3-4160 @ 3.60GHz\r\n記憶體: 6 GB 記憶體\r\n顯示卡: NVIDIA® GeForce® GTX 480, GTX 570, GTX 670, or better\r\nDirectX: 版本：11\r\n網路: 寬頻網際網路連線\r\n音效卡: DirectX compatible soundcard or onboard chipset', 'Capcom', '2016-02-17', 'FTG', '2017-12-02 14:18:18', ''),
('FTG0000100', 'Skullgirls', 278, 'Skullgirls is a fast-paced 2-D fighting game that puts players in control of fierce warriors in an extraordinary Dark Deco world. Featuring all-new game systems which test the skills of veteran fighting game fans while also making the genre enjoyable and accessible to newcomers.\r\n\r\nSkullgirls is a modern take on classic arcade fighters with a hand-drawn high-definition twist. It’s a one-of-a-kind, action-packed competition complete with awesome combos and an intriguing backstory.\r\nkey Features:\r\nClassic six-button play gives each character a huge variety of attacks and special moves\r\nVariable Tag Battle system allows players to pit different size teams of one, two or three characters against one another\r\nCustom Assists let you outfit your team with a huge variety of attacks for nearly endless strategic possibilities\r\nA Robust Anti-Infinite Combo system keeps competitive play free of abusive tactics', '作業系統: Windows XP, Window Vista, Windows 7, Windows 8\r\n處理器: Dual-core CPU\r\n記憶體: 2 GB 記憶體\r\n顯示卡: Intel HD3000\r\nDirectX: 版本：9.0c\r\n網路: 寬頻網際網路連線\r\n儲存空間: 2 GB 可用空間', 'Marvelous, Autumn Games', '2013-08-23', 'FTG', '2017-12-02 14:19:22', ''),
('FTG0000102', 'BlazBlue: Calamity Trigger', 278, 'The first hi-res 2D fighter from the creators of the Guilty Gear series! BlazBlue is a traditional 2D fighter where two characters participate in a duel. The story of the game involves dissent and destruction among a powerful council, known unofficially as \"the Library,\" which controls a great power that once saved humanity, but which now wields its power in protective, some say repressive, ways.\r\n\r\nA round is called a \"rebel\" and one match can consist of one to five \"rebels\". To win a round, one player must either incapacitate the other by inflicting damage through various attacks to reduce their opponent\'s health to zero or by having more remaining health than their opponent after the clock runs out. Every character has a weak, medium and strong attack. Also every ones has a \"unique\" technique, called a Drive attack, which is different for each character.\r\n\r\nKey Features\r\n12 unique batants to choose from! - Choose a character that represents your own fighting style like the lightning-fast Taokaka or the wickedly powerful Tager.\r\nDrive your way to victory! - Use the unique Drive Attacks specific to each character to decimate your opponent. Depending on the character control the elements like wind and ice or even absorb the life force from your opponents.\r\nExperience the beauty of high-resolution hand-drawn sprites on 3D backgrounds all in glorious high-definition.\r\nVarious modes - Arcade, Versus, Score Attack, Training, Gallery and a pletely fleshed-out Story Mode that tells the tales of each character.\r\nBonus Contents - 2 CD\'s worth of OST included with a total of 42 music!', '作業系統: Windows XP (32 bit)\r\n處理器: Intel Core2 Duo\r\n記憶體: 2 GB 記憶體\r\n顯示卡: nVidia Geforce 7900 / AMD Radeon X1900\r\nDirectX: 版本：9.0c\r\n儲存空間: 10 GB 可用空間\r\n音效卡: Direct Sound', 'H2 Interactive Co., Ltd.', '2014-02-13', 'FTG', '2017-12-02 14:19:25', ''),
('FTG0000103', 'Vanguard Princess', 148, 'Government experiments on a young girl triggered a cosmic shock wave that gifted many young girls with mystical powers. She re-emerges into the world and vows to destroy all of mankind in an act of revenge. A brave group of girls who embraced their powers head to the battlefield to confront her; not just for the sake of the world, but to pursue their own personal motives and dreams.\r\n\r\nChoose from ten girls with unique fighting skills and pair them with a powerful partner to form an unstoppable team.\r\nNavigate the adventures of a Vanguard Princess in the Story Mode or engage in head-to-head battles in the Versus Mode.', '作業系統: Windows 10, 8.1, 8, 7, XP, 2000\r\n處理器: Pentium III 400MHz, 128MB RAM\r\n記憶體: 1 GB 記憶體\r\n顯示卡: Graphics card with 32MB Video RAM\r\n儲存空間: 470 MB 可用空間\r\n備註: DirectPlay must be installed for Windows 10 PCs', 'eigoMANGA', '2014-03-04', 'FTG', '2017-12-02 14:19:27', ''),
('PZG0000005', 'Portal 2', 468, '《傳送門 2》用創新的遊戲內容、故事以及最初《傳送門》那贏得超過 70 項以上業界獎項般的配樂打造出另一個大獎贏家的繼承者。\r\n《傳送門 2》的單人遊戲部分帶來充滿活力的新角色、一大堆新鮮的解謎元素，以及更大、更加曲折的測驗室。玩家將可以於前所未見的光圈科學實驗室中探索，並且與在原遊戲中導引你，偶爾想要把你殺掉的電腦陪伴者 GLaDOS 重逢。\r\n本遊戲的雙人合作模式將有其獨立的戰役內容，包含獨特的故事、測驗室，以及兩名新的玩家角色。這項新的遊戲模式讓玩家必須重新思考所有他們在《傳送門》中所了解到的事實。想要過關不只要一起行動，還必須一起思考。', '作業系統: Windows 7 / Vista / XP\r\n處理器: 3.0 GHz P4, Dual Core 2.0 (or higher) or AMD64X2 (or higher)\r\n記憶體: 2 GB 記憶體\r\n顯示卡: Video card must be 128 MB or more and with support for Pixel Shader 2.0b (ATI Radeon X800 or higher / NVIDIA GeForce 7600 or higher / Intel HD Graphics 2000 or higher).\r\nDirectX: 版本：9.0c\r\n儲存空間: 8 GB 可用空間\r\n音效卡: DirectX 9.0c compatible', 'Valve', '2011-04-19', 'PZG', '2017-12-02 11:43:39', ''),
('PZG0000036', 'Keep Talking and Nobody Explodes', 398, 'In Keep Talking and Nobody Explodes, one player is trapped in a virtual room with a ticking time bomb they must defuse. The other players are the “Experts” who must give the instructions to defuse the bomb by deciphering the information found in the bomb defusal manual. But there\'s a catch: the experts can\'t see the bomb, so everyone will need to talk it out – fast!\r\n\r\nRounds are fast-paced, tense, occasionally silly, and almost always loud. Everybody has a role to play whether they are defusing the bomb or not. Swap out between rounds and share the experience with all of your friends!\r\n\r\nPuzzle solving and communication skills - and maybe a few friendships - will be put to the test as players race to defuse bombs while communicating quickly, clearly, and effectively.', '作業系統: Windows 7 or higher\r\n處理器: 1.5 Ghz\r\n記憶體: 2 GB 記憶體\r\n顯示卡: 256MB DirectX 9 or higher\r\n儲存空間: 1 GB 可用空間', 'Steel Crate Games ', '2015-10-09', 'PZG', '2017-12-02 14:17:36', ''),
('PZG0000043', 'Mini Metro', 278, '在 Mini Metro 中，你將肩負起在飛速發展的城市中涉及地鐵的重要任務。城市最初只有三個地鐵站，在此基礎上，你需要建立新的地鐵站，並在地鐵站之間設計線路，讓上下班的通勤者們在路上少花時間。每個地鐵站能容納的等車乘客數量是有限的，所以你的地鐵網路必須設計精密，避免發生擁堵和旅行延誤的情況。\r\n\r\n\r\n\r\n城市在不斷擴張的進程中，需要更多的地鐵站，以幫助更多的通勤乘客。對地鐵網路的要求也會越來越高。你需要經常重新規劃線路，使運輸效率最大化。你每週獲得的新資源都對建設有所幫助，但你得決定如何分配。\r\n\r\n大多數的地鐵方案都會以失敗告終。也許地鐵站建設的太快了，也許大量乘客滯留在了月臺上。你的地鐵線路能維持多長時間運營呢？', '作業系統: Windows XP, Vista, 7, 8 or later\r\n處理器: 2 GHz or faster processor\r\n記憶體: 1024 MB 記憶體\r\n顯示卡: Shader Model 2.0\r\nDirectX: 版本：9.0c\r\n儲存空間: 300 MB 可用空間', 'Dinosaur Polo Club ', '2015-11-07', 'PZG', '2017-12-02 14:17:47', ''),
('PZG0000052', 'LIMBO', 278, 'Uncertain of his sister\'s fate, a boy enters LIMBO', 'OS: Windows XP, Vista, 7\r\nProcessor: 2 GHz\r\nMemory: 512MB\r\nHard Disk Space: 150MB \r\nVideo Card: 5 years or younger. Integrated graphics and very low budget cards may not work. Shader Model 3.0 required\r\nDirectX®: 9.0c ', 'Playdead', '2011-08-03', 'PZG', '2017-12-02 14:18:02', ''),
('PZG0000066', 'klocki', 22, '\"klocki\"  is my second puzzle game after successful \"Hook\". \r\n\r\nIts a relaxing and minimal experience. Loaded with a lot of different puzzle mechanics. \r\n\r\nThank you for playing and your support!\r\n\r\nMaciej Targoni', '作業系統: Windows XP/Vista/7/8\r\n處理器: 2 Ghz Dual Core\r\n記憶體: 2 GB 記憶體\r\n顯示卡: Graphics card supporting DirectX 9.0c\r\n儲存空間: 100 MB 可用空間\r\n音效卡: Any', 'Maciej Targoni', '2016-07-13', 'PZG', '2017-12-02 14:18:24', ''),
('PZG0000073', 'Hacknet', 186, 'Hacknet是一款身臨其境，基於終端的黑客模擬器。你將跟隨一位最近剛過世的黑客，通過他遺留的線索，來探詢混亂未知的網絡世界。他的死可能並非像媒體所報道的意外那麼簡單。只需進行簡單的教學，你便能使用基礎的指令來完成真實的駭入過程，探索這充滿了謎團的黑客世界。\r\n\r\nBit, 一位負責開發世界上最具攻擊性的駭入系統的黑客，去世了。當他的系統連續14天都沒有檢測到他的操作後，系統的保險程序便開始運行，將他未完成的計劃發給了一位陌生的用戶。作為這名用戶，你需要決定是否一步步揭開事實的真相，並且確保Hacknet操作系統不會落入到不法之徒手中。\r\n\r\nHacknet能夠為你提供一個全方位的真實黑客模擬器，可以讓你探索人類窺探隱私的天性、制止企業貪婪盛行並暗中對抗隱藏在網絡世界中的強大黑客，同時它又能提供學習支持，可以讓一個真正的電腦小白通過遊戲來掌握現實世界的電腦命令和對應用程序的操控。', '作業系統: Windows XP\r\n處理器: 2.0 GHz\r\n記憶體: 512 MB 記憶體\r\n顯示卡: OpenGL 3.0+ (2.1 with ARB extensions acceptable)\r\n儲存空間: 500 MB 可用空間', 'Surprise Attack', '2015-08-13', 'PZG', '2017-12-02 14:18:36', ''),
('PZG0000079', 'Tabletop Simulator', 468, 'Create your own original games, import custom assets, automate games with scripting, set up complete RPG dungeons, manipulate the physics, create hinges & joints, and of course flip the table when you are losing the game. All with an easy to use system integrated with Steam Workshop. You can do anything you want in Tabletop Simulator. The possibilities are endless!', '作業系統: Windows XP SP2\r\n記憶體: 4 GB 記憶體\r\n顯示卡: Integrated\r\n網路: 寬頻網際網路連線\r\n儲存空間: 6 GB 可用空間', 'Berserk Games', '2015-06-06', 'PZG', '2017-12-02 14:18:46', ''),
('PZG0000115', 'Back to Bed', 118, 'Back to Bed(回到床上)是一款設計獨特的3D夢境解謎遊戲。玩家的目的是引導夢游者Bob安全回到他的床上。玩家控制Bob的潛意識 - 小狗Subob - 來幫助他回到床上。兩人在超現實的、畫作般的夢境世界中旅行，可利用各種物體引導Bob回到床上，同時要注意避開危險！', '作業系統: Windows XP SP3\r\n處理器: Intel Core 2 Duo 1.8Ghz or equivalent (lower might work but is untested)\r\n記憶體: 2 GB 記憶體\r\n顯示卡: Intel Core HD Graphics 3000/4000, NVIDIA 8800 GT, ATI Radeon HD 4850 or better\r\nDirectX: 版本：9.0c\r\n儲存空間: 600 MB 可用空間\r\n音效卡: DirectX 9.0c compatible sound card\r\n備註: Controller support: Xbox 360, Xbox One, Playstation 3, Playstation 4, several Logitech and miscellaneous controllers.', 'Bedtime Digital Games ', '2014-08-07', 'PZG', '2017-12-02 14:19:47', ''),
('PZG0000147', 'Portal', 278, 'Portal™ 是 Valve 新的單人遊戲。Portal 的場景為神秘的「光圈科學實驗室」，它已被譽為目前最富創意的新遊戲，將會帶給玩家好幾個小時的獨特遊戲體驗。', '最低： 1.7 GHz 處理器、512MB 記憶體、DirectX® 8.1 等級顯示卡 (需要支援 SSE)、Windows® 7 (32/64-bit)/Vista/XP/2000、滑鼠、鍵盤、網際網路連線', 'Valve', '2007-10-10', 'PZG', '2017-12-12 11:20:05', ''),
('RCG0000014', 'Need For Speed Payback', 1699, '全世界銷量最好的其中一款遊戲系列作：《Need for Speed™》，即將帶著全新大作《Need for Speed Payback》重返榮耀。\r\n背景設定於好運谷的地下世界當中，您和您的車隊成員因背叛而分崩離析，又因卻向莊家幫復仇的意志而齊聚一堂，一同對抗這個操縱著全市賭場、犯罪份子甚至警察的犯罪組織。利用史上最為深入的性能與外觀自訂選項，打造出最獨特的愛車。將這些車輛催到極限，在經典的警察激烈追逐中，死裡逃生，滿足所有充滿腎上腺素的動作競速幻想。', '作業系統: Windows 7 SP1, Windows 8.1, Windows 10 (64bit versions only)\r\n處理器: Intel Core i5 2400s @ 2.5 GHz, AMD FX 6120 @ 3.5 GHz or better\r\n記憶體: 6 GB 記憶體\r\n顯示卡: NVIDIA GeForce GTX 660 with 2 GB VRAM or AMD Radeon HD 7870, with 2 GB VRAM or better - See supported List*\r\n網路: 寬頻網際網路連線\r\n儲存空間: 27 GB 可用空間\r\n音效卡: DirectX compatible using the latest drivers', 'Electronic Arts', '2017-11-07', 'RCG', '2017-12-02 14:16:03', ''),
('RCG0000016', 'Forza Horizon 3', 1879, '您將成為 Horizon 嘉年華的主辦人，自訂一切設定、雇用與解雇您的好友，並駕駛超過 350 種世界頂級的車款探索澳洲。將 Horizon 打造成最完美的慶典，盡情享受車輛、音樂與廣闊道路的自由。要如何設計，就任您發揮了。', '作業系統: Windows 10 (64-bit)\r\nDirectX: DirectX 12 API，硬體功能層級 11\r\n記憶體: 8 GB\r\n視訊記憶體: 2 GB\r\n處理器: i3-4170 @ 3.7Ghz\r\n顯示卡: NVIDIA GT 740 | AMD R7 250x', 'Microsoft Studios ', '2016-09-27', 'RCG', '2017-12-02 14:17:04', ''),
('RCG0000069', 'Gran Turismo Sport', 1690, '《跑車浪漫旅 競速》是全球累計銷售超過 7690 萬套的《跑車浪漫旅》系列首款 PS4 新作，承襲《跑車浪漫旅》的真實駕駛模擬血統，並與擁有上百年競速賽事策劃經驗的「國際汽車聯盟（FIA）」 合作。遊戲中玩家將駕駛速度最快、最受歡迎的汽車，馳騁在世界各地的知名賽道上，突破性別、年齡與地區的限制，一同參與這場由賽車領域國際權威認證的虛擬賽車運動。', '遊戲平台：PS4', 'Sony Interactive Entertainment', '2017-10-17', 'RCG', '2017-12-02 14:18:29', ''),
('RCG0000070', 'Project CARS 2', 1290, '特色：\r\n\r\n• 超過 180 款經典車廠的授權車輛\r\n• 完整支援 12K & VR\r\n• 由專業賽車手親自測試調整\r\n• 全新賽車（印地賽車、長距繞圈賽、場地拉力賽）將加入玩家最愛車款，包括 GT3\r\n• LiveTrack 3.0：動態平面與天氣現象會即時影響車輛性能和操控\r\n• 全新地面種類的賽車（結冰、塵土、泥濘）\r\n• 完整 24 小時日夜循環，搭配實時天氣變化和季節氣氛\r\n• 最新先進技術的物理模型\r\n• 翻新的遊戲手把操控\r\n• 領先全球的電競賽車性能', '作業系統: Windows 10 (+ specific versions of 7)\r\n處理器: 3.5 GHz Intel Core i5 3450, 4.0 GHz AMD FX-8350\r\n記憶體: 8 GB 記憶體\r\n顯示卡: GTX680 or equivalent\r\nDirectX: 版本：11\r\n網路: 寬頻網際網路連線\r\n儲存空間: 50 GB 可用空間\r\n音效卡: DirectX compatible sound card', 'BANDAI NAMCO Entertainment', '2017-09-22', 'RCG', '2017-12-02 14:18:31', ''),
('RCG0000071', 'GRID Autosport', 868, 'It\'s all about the teams, the rivals and the race in an intense new world of professional motorsport. Racing alongside a teammate, you must overcome key rivals and satisfy team sponsors in ferocious races where every pass and position counts. In a huge career, specialise in your favourite racing discipline or conquer them all feel the aggression of the pack in Touring Cars, manage tyre wear and race into the night in Endurance events, race Open-Wheel cars with precision, show car control in Tuner events and react on the fly in Street races. Each unique category features series dedicated to different classes, including Touring Cars, Hypercars, Endurance GT Cars, Prototypes, Single-Seaters, Super Modified vehicles, Drift cars and many more. Bursting with content, GRID Autosport features over 100 routes across 22 incredible locations and the world\'s most exciting contemporary and classic high-performance racing cars to collect, tune and upgrade. Development has been driven by Community feedback to include the return of in-car view, authentic handling and multiplayer racing powered by RaceNet to deliver new challenges every week, plus all-new Racing Clubs for online team competition. Party modes, Demolition Derby and competitive split-screen modes complement the game\'s extensive career mode and expansive core online game.', '作業系統: Windows Vista, Windows 7 or Windows 8\r\n處理器: Intel Core 2 Duo @ 2.4Ghz or AMD Athlon X2 5400+\r\n記憶體: 2 GB 記憶體\r\n顯示卡: Intel HD3000 or AMD HD2000 Series or NVIDIA Geforce 8000 Series Series\r\n網路: 寬頻網際網路連線\r\n儲存空間: 15 GB 可用空間\r\n音效卡: Direct X compatible soundcard', 'Codemasters, Feral Interactive (Mac), Feral Interactive (Linux) ', '2014-06-27', 'RCG', '2017-12-02 14:18:32', ''),
('RCG0000114', 'Need for Speed III Hot Pursuit', 288, '《極速快感 III：熱力追緝，是美商藝電EA推出的《極速快感》系列賽車遊戲之一，於1998年推出。', '作業系統：Windows 95 以上，Windows XP(含)以下\r\n處理器：Pentium 166 MHz\r\n記憶體：16 MB\r\n儲存空間：90 MB\r\n顯示卡：High Color capable IBM PCI', 'Electronic Arts', '1998-10-12', 'RCG', '2017-12-02 14:19:45', '');
INSERT INTO `product` (`PID`, `Product_Name`, `Price`, `Product_Description`, `System_Requirement`, `Supplier`, `Launch_Date`, `Category`, `Modified_Time`, `Pic_Url`) VALUES
('RCG0000152', 'DiRT Rally', 1248, '《塵埃拉力賽（DiRT Rally）》是目前最具權威的一款拉力競速遊戲，塵埃社群實地測試已超過八千萬英里。其核心旨在賽道拉力過程中，傳達最真實和最激情的競速思想。此作完美地體現了拉力競速時，極度驚險的真實性。沿着险峻的道路疯狂飞驰，明知只要撞击一下就可能丧命，你是否还能保持镇定？ \r\n每个賽道测试都帶給你不同體驗，無論是充滿碎石和泥濘的森林小徑，還是下雪後的山壁和懸崖或打滑的柏油路面。 都需要玩家應對各種路況，在不同自然氣候中一試身手。当汽车在賽事進行中受損，就到了考驗拉力赛车队专业竞争力的時候了。因此，每一場拉力賽就演變成一場馬拉松式的較量，考驗玩家的專注度以及操控技能。\r\n《塵埃拉力賽（DiRT Rally）》還包括官方授權的世界拉力賽（World Rallycross）的內容。無論單人或高強度的多人連線比賽中，玩家不僅能操控世界頂級越野賽車，享受速度帶來那令人窒息的快感，還能和其他車手馳騁於最受歡迎的賽道之上，互飆車技。 \r\n\r\n•經典拉力賽車——《塵埃拉力賽（DiRT Rally）》擁有逾40輛車史上最具標誌性的，也是玩家最夢寐以求的車款。保准每輛車能充分捕捉到起伏不平路面上駕駛的賽車體驗。 \r\n•6個大型仿真世界拉力賽場地，超過70個極具挑戰的賽道—— Powys, Wales，充滿碎石和泥濘的路森林小徑；Argolis, Greece，塵土飛揚的賽道，還有下雪時打滑的柏油山道，Monte Carlo。亦或挑戰一下傳說中的爬坡經典派克斯峰Pikes Peak；征服瑞典Sweden令人心驚的雪峰，以及領略芬蘭Finland那如畫般的瑰麗美景。 \r\n•官方授權FIA世界拉力賽（World Rallycross）內容——操控6輛世界頂級越野賽車，和好友來一場多人連線賽車，在Lydden Hill，Holjes和Hell賽道上馳騁，體驗高強度的速度與激情。\r\n•自義拉力賽事：任何賽車，任何賽道，任君挑選——單一賽段或多賽段競速賽事隨意配置。\r\n\r\n•拉力錦標賽：從拉力階梯低端一步一腳印往上晉升，用實力說話，通過速度贏得積分和金錢。嫻熟的駕駛技術和維修進度管理，通過自己的方式登上頂級聯賽，賺取最豐厚的回報。 \r\n•升級，維修，設置及調整——《塵埃拉力賽（DiRT Rally）》所要傳達的不僅僅是駕駛這麽簡單—— 在賽事中損壞的部件需要實時進行修理，並且需要考慮到車輛維護，升級和屬性調整等各項因素，玩家們將體驗到無比真實的拉力賽車環境。 \r\n•更具挑戰性的高擬真操控模式——Codemasters全面重新構建了《塵埃拉力賽（DiRT Rally）》的物理仿真，以充分捕捉到路面上起伏不平的賽車體驗。​並創造了全新的差速調節器，懸掛系統，引擎動力輸出控制和渦輪模型。 \r\n•車隊管理——根據車隊隊員各自技能，針對汽車的不同部件所需維修時間進行合理配置。通過僱用和解僱隊員的方式提高維修效率。在教導隊員新技能，並在他們獲取經驗的同時，時刻銘記要以團隊的方式增強拉力賽事競爭力。\r\n•玩家聯盟支持——和好友一起組成自己的賽事聯盟。玩家可以無限制加入或創建聯盟，並決定何時以及如何管理聯盟。 \r\n•每日，每週，每月定時在線挑戰——這是一系列在你和整個塵埃社群之間的較量。通過每日，每週，每月定時挑戰，為自己和團隊贏得遊戲內積分，升級賽車，增強競爭力。', '作業系統: 64bit Versions of Windows 7, Windows 8, Windows 10\r\n處理器: AMD FX Series or Intel Core i3 Series\r\n記憶體: 4 GB 記憶體\r\n顯示卡: AMD HD5450 or Nvidia GT430 or Intel HD4000 with 1GB of VRAM (DirectX 11 graphics card required)\r\nDirectX: 版本：11\r\n儲存空間: 50 GB 可用空間\r\n音效卡: DirectX Compatible soundcard\r\n備註: Supported Graphics Cards: AMD HD5000 Series, HD6000 Series, HD7000 Series, R7 Series, R9 Series Nvidia GTX400 Series, GTX500 Series, GTX600 Series, GTX700 Series, GTX900 Series Intel HD4000 Series, HD5000 Series', 'Codemasters', '2015-12-07', 'RCG', '2017-12-04 16:44:21', ''),
('RCG0000153', 'DiRT 4', 1248, '領先全球的越野賽車系列回來囉！大地長征4讓你乘坐在有著強悍馬力的載具上，來感受地球上最艱難的拉力，rallycross與landrush。 \r\n\r\n創新的「你的舞台」系統帶給你成千上萬種拉力賽道，只需要一顆按鍵即可環遊在澳洲、西班牙、密西根州、瑞典和威爾斯。\r\n\r\n來駕駛超過50種在拉力賽歷史上極有象徵性的拉力賽車吧。\r\n\r\n於法國、葡萄牙、英國、瑞典和挪威舉辦比賽的FIA World Rallycross Championship官方遊戲。駕駛著超跑，RX2、Super 1600s和B組rallycross來競速。\r\n\r\n在加利福尼亞州、內華達州和墨西哥來場短程landrush賽。\r\n\r\n在大地長征學院鍛鍊你的技術，並讓它成為你的究極賽場。\r\n\r\n創建你專屬的賽車手並且組出一支團隊來支配越野賽車的世界。\r\n\r\nRaceNet將遊戲競爭性提高到了新的水平，讓你與世界上的箇中高手互競自己的身價。', '作業系統: 64bit Versions of Windows 7, Windows 8, Windows 10\r\n處理器: AMD FX Series or Intel Core i3 Series\r\n記憶體: 4 GB 記憶體\r\n顯示卡: AMD HD5570 or NVIDIA GT440 with 1GB of VRAM (DirectX 11 graphics card required)\r\n網路: 寬頻網際網路連線\r\n儲存空間: 50 GB 可用空間\r\n音效卡: DirectX Compatible soundcard\r\n備註: Supported Graphics Cards: NVIDIA GT 440 or Above, GT 530 or Above, GT 630 or Above, GT 720 or Above, GTX 900 Series, GTX 1000 Series AMD HD 5570 or Above, HD 6570 or Above, HD 7570 or Above, R7 Series, R9 Series, RX Series', 'Codemasters', '2017-06-09', 'RCG', '2017-12-04 16:44:44', ''),
('RPG0000023', 'Assassin\'s Creed IV Black Flag', 599, 'The year is 1715. Pirates rule the Caribbean and have established their own lawless Republic where corruption, greediness and cruelty are commonplace.\r\n\r\nAmong these outlaws is a brash young captain named Edward Kenway. His fight for glory has earned him the respect of legends like Blackbeard, but also drawn him into the ancient war between Assassins and Templars, a war that may destroy everything the pirates have built.\r\n\r\nWelcome to the Golden Age of Piracy.', '作業系統: Windows Vista SP2 or Windows 7 SP1 or Windows 8 (both 32/64bit versions)\r\n處理器: Intel Core2Quad Q8400 @ 2.6 GHz or AMD Athlon II X4 620 @ 2.6 GHz\r\n記憶體: 2 GB 記憶體\r\n顯示卡: Nvidia Geforce GTX 260 or AMD Radeon HD 4870 (512MB VRAM with shader Model 4.0 or higher)\r\n儲存空間: 30 GB 可用空間\r\n音效卡: DirectX Compatible Sound Card with latest drivers', 'Ubisoft', '2013-11-20', 'RPG', '2017-12-02 14:17:15', ''),
('RPG0000024', 'Assassin\'s Creed Origins', 1619, '《ASSASSIN\'S CREED® ORIGINS》是嶄新的開始\r\n\r\n充滿王權角力與陰謀詭計的古埃及時代，正在權力的殘酷鬥爭下逐漸消失。回到刺客兄弟會的緣起時刻，揭開黑暗秘辛和早已被世人遺忘的神話。\r\n\r\n神秘國度等你來發掘\r\n順著尼羅河航行而下，揭開金字塔的謎團，一邊對抗危險的古老派系和野生猛獸，一邊探索這片難以預料的無垠大地。\r\n\r\n每次旅程都是新的故事篇章\r\n從家財萬貫的高階貴族到無路可退的邊緣份子，與多位強大又令人印象深刻的角色相遇，捲入各種任務，深入瞭解故事細節。\r\n\r\n盡情享受動作 RPG\r\n體驗全新的戰鬥方式。劫掠數十種武器，每一種都有不同特性和稀有度。深入磨練你的技術，好使出渾身技能來對付獨一無二的強勁對手。', '作業系統: Windows 7 SP1, Windows 8.1, Windows 10 (64-bit versions only)\r\n處理器: Intel Core i5-2400s @ 2.5 GHz or AMD FX-6350 @ 3.9 GHz or equivalent\r\n記憶體: 6 GB 記憶體\r\n顯示卡: NVIDIA GeForce GTX 660 or AMD R9 270 (2048 MB VRAM with Shader Model 5.0 or better)\r\nDirectX: 版本：11\r\n儲存空間: 42 GB 可用空間', 'Ubisoft', '2017-10-27', 'RPG', '2017-12-02 17:27:48', ''),
('RPG0000039', 'One Way Heroics', 120, 'In One Way Heroics, you take on the role of an intrepid adventurer who must travel across the land and face the Demon Lord before a mysterious shadow engulfs everything.\r\n\r\nDarkness always approaches from the left, and with each movement or action you take, the void creeps ever closer. Forced to run right, you\'ll encounter any number of monsters, allies, thieves and shops on your desperate journey to stop the end of everything.\r\nThe good news is that you don\'t just have access to one world. You have access to all of them. \r\n\r\nA nearly infinite number of worlds to save and explore!\r\nMultiple classes to unlock, each with different skills and advantages.\r\nDimensional Vault: Don\'t waste extra valuables! Lock away your inventory and save it for your next run!\r\nTime control: when the going gets tough, the tough freeze time and work out a new strategy.\r\nSteam goodies: trading cards, emoticons and wallpapers that proudly broadcast your OWH finesse!', '作業系統: 2000, XP, Vista, 7, 8, 8.1, 10\r\n處理器: Pentium III 1.0 GHz or better\r\n記憶體: 256 MB 記憶體\r\n顯示卡: 800x600 resolution or higher\r\nDirectX: 版本：9.0\r\n儲存空間: 50 MB 可用空間', 'AGM PLAYISM', '2014-03-11', 'RPG', '2017-12-02 14:17:40', ''),
('RPG0000060', 'Chinese Paladin：Sword and Fairy 6', 399, '《仙劍奇俠傳》系列是臺灣大宇資訊推出的知名國產單機RPG遊戲。首作《仙劍奇俠傳1》於1995年問世，此後陸續發佈了七部作品，是當之無愧的中文單機遊戲經典，而《仙劍奇俠傳6》是該系列的第八部作品，由軟星科技（北京）有限公司研發。 \r\n\r\n　　太古神農大神誕生時，天下伴有九泉相生。九泉各具異能，乃是滋生萬物的源。後人神獸三族大戰，最終以獸族不敵人神聯軍戰敗而收場。蚩尤引獸族入魔界，人神魔三界自此隔閡。大戰之後，神農和九泉便不知所蹤。時光流逝，酒泉的傳說也逐漸被遺忘。\r\n\r\n　　越今朝和越祈為了尋找某樣丟失的東西，來到了西域古城。塵封的秘密將再度被揭示。態度沉睡的巨獸破海而出，展翼千里，迅游天際；而腦海中不知名的女子之聲，卻令它感到迷惑。\r\n\r\n　　正武、啟魂、衡道、禺妖，幾大勢力接踵而至，誰才是真正的幕後設局人。計中有計，局中有局。不惜捨身改命，只為今朝再聚。', '作業系統: Windows 7 / Widows 8\r\n處理器: Intel Core 2 Duo 3.0GHz\r\n記憶體: 4 GB 記憶體\r\n顯示卡: NVidia 9800(512Mb)\r\nDirectX: 版本：9.0c\r\n儲存空間: 20 GB 可用空間', 'SOFTSTAR ENTERTAINMENT INC.', '2015-07-08', 'RPG', '2017-12-19 07:31:56', ''),
('RPG0000067', 'DRAGON QUEST HEROES™ II', 1950, '就像按照古老預言進行似的，大地又再次被戰亂包覆...\r\n\r\n龍吞噬太陽之日\r\n雙子誕生，大地將會再遭戰亂包覆---\r\n\r\n《勇者鬥惡龍 英雄集結 II》的故事舞台是一直維持和平的七個王國。\r\n但是，某天忽然雙方的均衡崩壞了，引發了戰爭。\r\n就好像古老傳承中所說的不詳預言一樣...\r\n在歐連卡某個士官學校留學中的「拉傑爾」，以前為了拜訪拉傑爾，而來到歐連卡的表妹「德蕾希亞」，以祖國賈伊瓦爾與歐連卡的戰爭為契機，被捲入了這個大戰爭的漩渦之中。\r\n到底主角們能不能阻止這場七個國家所引起的大戰亂呢？', '作業系統: Windows 7/8.1/10 (64bit required)\r\n處理器: Core i7 870 2.8GHz or better\r\n記憶體: 4 GB 記憶體\r\n顯示卡: NVIDIA GeForce GTS 450 or AMD Radeon HD 5770\r\nDirectX: 版本：11\r\n儲存空間: 30 GB 可用空間', 'Square Enix', '2017-04-26', 'RPG', '2017-12-02 14:18:26', ''),
('RPG0000068', 'FINAL FANTASY® XIII', 460, 'FINAL FANTASY XIII 是以漂浮在空中的理想國度「繭」與尚未開發地區「脈衝」這兩個世界為舞台，描寫人類與命運對抗的角色扮演遊戲。本遊戲包含了個性沉著冷靜的主角雷光充滿速度感的戰鬥表現，以及探索廣大未知世界的冒險旅程。敬請玩家們拭目以待。', '作業系統: Windows® XP SP2 以上版本\r\n處理器: 2GHz 雙核心 CPU\r\n記憶體: 1 GB 記憶體\r\n顯示卡: NVIDIA® Geforce® 8 Series / ATI Radeon™ HD 2000 Series VRAM 256MB 以上版本\r\nDirectX: 版本：9.0c\r\n儲存空間: 60 GB 可用空間\r\n音效卡: 與 DirectX® 9.0c 相容之音效卡', 'Square Enix', '2014-10-09', 'RPG', '2017-12-02 14:18:27', ''),
('RPG0000072', 'Mount & Blade Warband', 549, '這片土地飽受戰亂摧殘。為了解救蒼生，您必須組成一支鋼鐵雄師平定天下，帶領弟兄出生入死、擴大領土，並達到終極目標：登上卡拉迪亞國的王座！\r\n\r\n《騎馬與砍殺：戰團》獨立資料片再次重現中古戰場，不但有真實的騎兵戰鬥場面，還有精緻的戰鬥玩法。\r\n\r\n‧重新繪圖：加入 HDR、FSAA、景深、軟質粒子、色調對應和其他多種效果 \r\n‧新模型細部更多，材質更精密\r\n‧多人戰鬥遊戲，最多可容納 64 名玩家。多人玩家遊戲支援殊死戰、團隊殊死戰、搶旗、征服、作戰和圍城等模式\r\n‧可在戰役模式成為派系領袖，說服領主成為您的諸侯\r\n‧可將同伴封為諸侯並賜予土地\r\n‧可為了愛情或政治權謀而迎娶某個王國的公主。可利用詩詞或英勇事蹟贏得美人歸\r\n‧改良士氣的影響機制：士氣太低的軍人會潰逃\r\n‧可在戰場上撿拾投射物補充彈藥\r\n‧戰鬥動畫採用全新的動作捕捉技術\r\n‧戰鬥玩法多項改進：即使沒有主動防禦，盾牌還是能擋住飛箭\r\n‧可在隨機地圖和手繪地圖上玩多人遊戲\r\n‧多人遊戲裝備玩法：和對手戰鬥或達成目標就能賺錢\r\n‧肉搏戰可使用大部分的投擲型武器：敵人靠近時可改用標槍當短矛\r\n‧可使用黃金購買更好的裝備。系統平衡度經過精心調校，戰鬥場面更驚險刺激，同時避免領先隊伍佔壓倒性優勢', '作業系統：Windows® XP\r\n處理器：Intel Pentium 4 2.0 GHz 或 AMD 2.5 GHz\r\n記憶體：512MB RAM\r\n繪圖卡：3D 繪圖卡，64MB RAM\r\n硬碟：100MB 可用空間 \r\n音效卡：標準音效卡', 'TaleWorlds Entertainment', '2010-03-31', 'RPG', '2017-12-02 14:18:34', ''),
('RPG0000075', 'Middle-earth™ Shadow of War™', 1950, '潛入敵軍陣線後方打造你的軍隊、征服堡壘，並從內部支配魔多。體驗獲獎的宿敵系統，如何運用每一位敵人和屬下來建立獨特的個人故事，並在中土世界的全新史詩故事中，面對黑暗魔君索倫和他的戒靈。 \r\n\r\n在《中土世界™：戰爭之影™》，宿敵恩怨、從未遺忘。', '作業系統: Windows 7 SP1 with Platform Update\r\n處理器: AMD FX-4350, 4.2 GHz / Intel Core i5-2300, 2.80 GHz\r\n記憶體: 6 GB 記憶體\r\n顯示卡: AMD HD 7870, 2 GB / NVIDIA GTX 660, 2 GB\r\nDirectX: 版本：11\r\n網路: 寬頻網際網路連線\r\n儲存空間: 70 GB 可用空間\r\n備註: X64 required', 'WB Games', '2017-10-10', 'RPG', '2017-12-02 14:18:39', ''),
('RPG0000106', 'Dungeons of Dredmor', 148, 'Long ago, the Dark Lord Dredmor was bound in the darkest dungeons beneath the earth by great and mighty heroes. Centuries later, the magical bonds that hold him in place are loosening and his power grows ever stronger. The land cries out for a new hero, a powerful warrior or a mystic wizard like those spoken of in the prophecies of yore.\r\nWhat they have, unfortunately, is you...\r\nStep into the Dungeons of Dredmor! Embrace your destiny! Face evil of the likes the world has never known - the terrifying Swarmies, the undulating Thrusties, and the adoreable nest-building Diggles. Worship Inconsequentia, the Goddess of Pointless Sidequests, or try your luck as a devotee of the nameless Lutefisk God. Cast powerful magic learned from the dark business warlocks of the school of Necronomiconomics, or summon the Viking Runes of your ancestors to blast your foes with thunder and lightning! Discover the power that can be had by wielding a bizarre armament of devastating weaponry such as the Interdimensional Axe, the Plastic Ring, and the Invisible Shield (if you can remember where you left it). Wield shoes decorated by the Dwarven Glittersmiths, all of whom have now committed suicide because of their shame, and embrace the joys of destroying giant moustache-wielding brick demons with a mace decorated with tawdry, delicious bacon.\r\nWhile you’re at it, be prepared to die. A lot. In hideous, screaming pain that makes you throw your keyboard out the window.\r\nThe Dungeons of Dredmor await. Are you ready for them?\r\n\r\nKey features:\r\nClassic Roguelike gameplay with the sweet, refreshing taste of point-and-click interfaces. No longer must you press CTRL-ALT-SHIFT-x to drink a potion.\r\nRandomly generated dungeons entice you with the sweet, sweet promises of treasure and … things.\r\nOld-school pixel goodness. Face lovingly hand-animated monsters and enjoy the great taste of beautiful, individually rendered items on top of a sea of gorgeous, potent tile-work.\r\nWield the awesome power of the Anvil of Krong, lest it wield you!\r\nIncredibly complicated crafting system! Wield relics of the Great Elven/Dwarven conflict; grind down ingots to make powdered aluminum and shove it directly up your nostrils!\r\nHordes of monsters never-before-seen in a video game!\r\nDeploy cunning traps to defeat your foes!\r\nInfinite replay value: choose from a selection of mind-boggling skills to create your character. A new gameplay experience awaits every time!\r\nDid we mention there’s lutefisk?', 'OS: Windows XP, Vista, 7\r\nProcessor: Core 2 Duo/Athlon 64 or above recommended\r\nMemory: 1 GB of RAM minimum; 2 GB recommended\r\nHard Disk Space: 400+ megabytes\r\nVideo Card: Any DirectX-compatible video device with a minimum resolution of 1024 x 600 or 1024 x 768\r\nDirectX®: 9\r\nSound: Any DirectX-compatible audio device', 'Gaslamp Games, Inc.', '2011-07-14', 'RPG', '2017-12-02 14:19:32', ''),
('RPG0000107', 'Tales of Maj\'Eyal', 208, 'Tales of Maj’Eyal is a roguelike RPG, featuring tactical turn-based combat and advanced character building. Play as one of many unique races and classes in the lore-filled world of Eyal, exploring random dungeons, facing challenging battles, and developing characters with your own tailored mix of abilities and powers.\r\nWith a modern graphical and customisable interface, intuitive mouse control, streamlined mechanics and deep, challenging combat, online stats and character sheets, Tales of Maj’Eyal offers engaging roguelike gameplay for the 21st century.\r\n\r\n\r\nFocus on randomly generated tactical battles\r\nRich set of very unique classes\r\nUnlocks & achievements progression\r\nRich world with its own history which slowly reveal during the game\r\nNo consumables, no grinding\r\nTurn based: think before you act!\r\nSimple, easy to use interface\r\nEasy modding support with Workshop integration\r\n\r\nBuyers will get all the extra features that normal donators get. You can test for free on te4.org\r\n', '作業系統: Windows Vista\r\n記憶體: 512 MB 記憶體\r\n顯示卡: OpenGL 2.1+\r\n儲存空間: 512 MB 可用空間', 'Netcore Games', '2012-12-31', 'RPG', '2017-12-02 14:19:34', ''),
('RPG0000108', 'To the Moon', 278, '罗莎莉恩医生（Dr. Rosalene）和沃茨医生（Dr. Watts）有一份非常特殊的工作：他们可以给人们重活一次的机会，从人生的最开始重头来过，当然这个机会只存在于将死之人的头脑里。\r\n\r\n由于其带来的严重后果，新的人工记忆将取代真实记忆成为病人临终前记住的事，所以通过修改记忆去满足人们最后愿望的这种技术只能对临死的人实施。\r\n\r\n这个特别的故事让玩家跟随两位医生为实现一个老人约翰尼（Johnny）的梦想而进入他的记忆。 随着每一步时间的推移，约翰尼过去的一个个新的片段将被慢慢揭示。两位医生将约翰尼记忆中一直困扰他的许多事件重组在一起，他们试图找出究竟是何原因会让身体虚弱的老人临死前要实现这样的愿望。\r\n\r\n而约翰尼的最后心愿竟是…去月球。\r\n\r\n----------------------------------------------------------------\r\n主要特色:\r\n*一个独特的非战斗型故事的游戏体验\r\n*完美结合冒险元素和经典RPG美学的创新组合\r\n*备受赞誉的原创音乐与游戏情节的推演丝丝入扣\r\n*一个浓缩式的剧情安排让人尽情体验原汁原味的动人故事', 'OS:Windows 98, XP, Vista, 7, 8, 10\r\nProcessor:Intel Pentium III 800 MHz\r\nMemory:512 MB RAM\r\nGraphics:1024x768 High Color +\r\nDirectX®:9.0\r\nHard Drive:100 MB HD space', 'Freebird Games ', '2011-11-01', 'RPG', '2017-12-02 14:19:35', ''),
('RPG0000109', 'Finding Paradise', 278, 'Dr. Rosalene and Dr. Watts have peculiar jobs: They give people another chance to live, all the way from the very beginning... but only in their patients\' heads.\r\n\r\nDue to the severity of the operation, the new life becomes the last thing the patients remember before drawing their last breath. Thus, the operation is only done to people on their deathbeds, to fulfill what they wish they had done with their lives, but didn’t.\r\n\r\nFinding Paradise is the 2nd full episode of To the Moon\'s series. It follows the life of the doctors\' new patient, Colin, as they attempt to unravel a life that is split down the middle, and fulfill a wish that appears to be self-contradictory by nature.\r\n\r\n-------------------------------------------------------------------------------------------\r\n*Like To the Moon, this is a standalone full game that does not require having played any previous games in the series.', '作業系統: XP, Vista, 7, 8, 10\r\n處理器: Intel Pentium III 800 MHz+\r\n記憶體: 1 GB 記憶體\r\n顯示卡: 1024x768 High Color +\r\n儲存空間: 500 MB 可用空間\r\n音效卡: DirectX®: 9.0+\r\n備註: Practically runs on a potato.', 'Freebird Games ', '2017-12-14', 'RPG', '2017-12-02 14:19:37', ''),
('RPG0000110', 'A Bird Story', 120, 'Note: This is not To the Moon\'s sequel, but rather a small experimental project.\r\n---------------------------------------------------------------------------\r\n\r\nFrom the creator of To the Moon: A simple, wordless 1-hour short about a boy who found an injured bird, told through a blur between reality and imagination.\r\n\r\nA Bird Story is an interactive pixel animation with the sole purpose of telling a simple story. It is a standalone narrative, with its own beginning and ending. \r\n\r\n---------------------------------------------------------------------------\r\nA word of caution from the devs: This is a rather polarizing game, particularly for fans of To the Moon. As a guarantee with all games from Freebird, there is a 100% personal (confidential) refund policy with no questions asked; even if it just isn\'t your cup of tea. Details here.\r\n---------------------------------------------------------------------------\r\nKey Features\r\nA story-driven experience with no dialogues\r\nA mix between adventure game elements and classic RPG aesthetics\r\nAn original soundtrack tailored to the narrative\r\nAn espresso execution with no time drains', '作業系統: XP, Vista, 7, 8\r\n處理器: > Intel Pentium III 800 MHz\r\n記憶體: 2 GB 記憶體\r\n顯示卡: 1024x768 High Color +\r\nDirectX: 版本：9.0\r\n儲存空間: 200 MB 可用空間\r\n備註: Usually runs on anything more than a baked potato.', 'Freebird Games ', '2014-11-07', 'RPG', '2017-12-02 14:19:38', ''),
('RPG0000123', 'Undertale', 278, 'UNDERTALE! The RPG game where you don\'t have to destroy anyone.', '作業系統: Windows XP, Vista, 7, 8, or 10\r\n記憶體: 2 GB 記憶體\r\n顯示卡: 128MB\r\n儲存空間: 200 MB 可用空間', 'tobyfox ', '2015-09-15', 'RPG', '2017-12-02 14:19:59', ''),
('RPG0000124', 'Monster Hunter World', 2390, '《魔物獵人 世界》是狩獵動作遊戲《魔物獵人》系列首款針對新世代主機打造的本傳新作，解析度、建模、特效全面高畫質化，並大幅更新系統與玩法。首度採用連貫的開放狩獵場地，加入豐富多變的環境地形效果，收錄 14 種歷代登場武器與全新的勾索，角色動作與性能大幅翻新。\r\n\r\nhttp://www.monsterhunterworld.com/hk/', '遊戲平台: PS4、XBOX ONE', 'CAPCOM', '2018-01-26', 'RPG', '2017-12-02 14:20:01', ''),
('RPG0000131', 'Assassin\'s Creed Syndicate', 1139, '1868…', '作業系統: Windows 7 SP1 or Windows 8.1 or Windows 10 (64bit versions)\r\n處理器: Intel Core i5 2400s @ 2.5 GHz / AMD FX 6350 @ 3.9 GHz\r\n記憶體: 6 GB 記憶體\r\n顯示卡: NVIDIA GeForce GTX 660 / AMD Radeon R9 270 (2GB VRAM with Shader Model 5.0)\r\n音效卡: DirectX Compatible Sound Card with latest drivers', 'Ubisoft', '2015-11-19', 'RPG', '2017-12-04 16:26:05', ''),
('RPG0000132', 'Assassin\'s Creed Unity', 849, '《刺客教條：大革命》敘述了阿爾諾的故事，這名年輕人踏上了一段非比尋常的旅程，揭露了法國大革命背後的真實力量。在遊戲的合作模式中，您和好友將陷入一場關乎國家命運的無情鬥爭當中。您必須透過溝通協調和各種多樣的技能，才能成為真正的刺客大師。', '作業系統: Windows 7 SP1, Windows 8/8.1 (64-bit operating system required)\r\n處理器: Intel Core i5-2500K @ 3.3 GHz or AMD FX-8350 @ 4.0 GHz\r\n記憶體: 6 GB 記憶體\r\n顯示卡: NVIDIA GeForce GTX 680 or AMD Radeon HD 7970 (2 GB VRAM)\r\n儲存空間: 50 GB 可用空間\r\n音效卡: DirectX 9.0c compatible sound card with latest drivers', 'Ubisoft', '2014-11-13', 'RPG', '2017-12-04 18:04:24', ''),
('RPG0000133', 'Assassin\'s Creed - Rogue', 599, 'Introducing Assassin’s Creed® Rogue, the darkest chapter in the Assassin’s Creed franchise yet. As Shay, you will experience the slow transformation from Assassin to Assassin Hunter. Follow your own creed and set off on an extraordinary journey through New York City, the wild river valley, and far away to ', '作業系統: Windows 7 SP1 or Windows 8/8.1 (64bit versions only)\r\n處理器: Intel Core2Quad Q6600 @ 2.4 GHz or AMD Athlon II X4 620 @ 2.6 GHzH\r\n記憶體: 2 GB 記憶體\r\n顯示卡: nVidia GeForce GTS450 or AMD Radeon HD5670 (1024MB VRAM) or Intel HD4600\r\nDirectX: 版本：11\r\n儲存空間: 12 GB 可用空間\r\n音效卡: DirectX Compatible Sound Card with latest driver', 'Ubisoft', '2015-03-24', 'RPG', '2017-12-04 16:27:07', ''),
('RPG0000134', 'Assassin\'s Creed 3', 599, '美國殖民地，1775 年。身為美國原住民的刺客挺身而出，為了保護他們的家園和人民，他將點燃這年輕國家革命的聖火。', '作業系統：Windows Vista® (SP2) / Windows® 7 (SP1) / Windows® 8\r\n處理器：2.60 GHz Intel® Core™2 Duo E8200 或 2.60 GHz AMD Athlon™ II X4 620 \r\n記憶體：2 GB\r\n顯示卡：512 MB DirectX® 10 相容與 Shader Model 4.0 或更好（參閱支援列表）*\r\nDirectX®：10\r\n硬碟空間：17 GB\r\n音效環境：DirectX 10 相容（5.1 環繞音效建議）\r\n多人連線：256 kbps 或更快的寬頻連線', 'Ubisoft', '2012-11-22', 'RPG', '2017-12-04 16:27:55', ''),
('RPG0000135', 'Assassin\'s Creed Revelations', 449, 'Ezio Auditore walks in the footsteps of the legendary mentor Altair, on a dangerous journey of discovery and revelation.', 'OS: Windows® XP SP3 / Windows Vista® SP2 /Windows® 7 SP1\r\nProcessor: Intel® Core™2 Duo E4400 @ 2.0 GHz or AMD Athlon™ 64 X2 4000+ @ 2.1GHz\r\nMemory: 1.5 GB Windows® XP / 2 GB Windows Vista, 7\r\nGraphics: 256 MB DirectX® 9.0–compliant card with Shader Model 4.0 or higher (see supported list)*\r\nDirectX®: DirectX® June2010 or newer\r\nHard Drive: 12 GB\r\nSound: DirectX 9.0–compliant sound card', 'Ubisoft', '2011-12-01', 'RPG', '2017-12-04 16:28:19', ''),
('RPG0000136', 'Assassin\'s Creed Brotherhood', 449, 'Now Available on Mac! It’s time to join the Brotherhood.', 'OS: Windows® XP (32-64 bits) /Windows Vista®(32-64 bits)/Windows 7® (32-64 bits) \r\nProcessor: Intel Core® 2 Duo 1.8 GHZ or AMD Athlon X2 64 2.4GHZ\r\nMemory: 1.5 GB Windows® XP / 2 GB Windows Vista® - Windows 7®\r\nGraphics: 256 MB DirectX® 9.0–compliant card with Shader Model 3.0 or higher (see supported list*)\r\nDirectX®: 9.0\r\nHard Drive: 8 GB\r\nSound: DirectX 9.0 –compliant sound card', 'Ubisoft', '2011-03-18', 'RPG', '2017-12-04 16:28:44', ''),
('RPG0000137', 'Assassin\'s Creed 2 Deluxe Edition', 299, 'An epic story of family, vengeance and conspiracy set in the pristine, yet brutal, backdrop of a Renaissance Italy. New low price!', 'OS: Windows® XP (32-64 bits) /Windows Vista®(32-64 bits)/Windows 7® (32-64 bits) *\r\nProcessor: Intel Core® 2 Duo 1.8 GHZ or AMD Athlon X2 64 2.4GHZ\r\nMemory: 1.5 GB Windows® XP / 2 GB Windows Vista® - Windows 7® \r\nGraphics: 256 MB DirectX® 9.0–compliant card with Shader Model 3.0 or higher (see supported list)\r\nDirectX®: DirectX 9.0\r\nHard Drive: 8 GB free space\r\nSound: DirectX 9.0 –compliant sound card', 'Ubisoft', '2010-03-05', 'RPG', '2017-12-04 16:29:10', ''),
('RPG0000138', 'Assassin\'s Creed Director\'s Cut Edition', 299, 'Assassin\'s Creed™ is the next-gen game developed by Ubisoft Montreal that redefines the action genre. While other games claim to be next-gen with impressive graphics and physics, Assassin\'s Creed merges technology, game design, theme and emotions into a world where you instigate chaos and ', 'Supported OS: Windows® XP/Windows Vista® (only)\r\nProcessor: Dual core processor 2.6 GHz Intel® Pentium® D or AMD Athlon™ 64 X2 3800+ (Intel Core® 2 Duo 2.2 GHz or AMD Athlon 64 X2 4400+ or better recommended)\r\nSystem Memory: Windows XP: 1 GB RAM / Windows Vista: 2 GB RAM\r\nVideo Card: 256 MB DirectX® 10.0-compliant video card or DirectX 9.0-compliant card with Shader Model 3.0 or higher (*see supported list)\r\nSound Card: DirectX 9.0 or 10.0-compliant sound card (5.1 sound card recommended)\r\nDirectX Version: Direct X 9.0 (Windows XP) or 10.0 (Windows Vista) libraries \r\nHard Disk: 8 GB available hard disk space', 'Ubisoft', '2008-04-09', 'RPG', '2017-12-11 11:42:12', ''),
('RPG0000139', 'Assassin\'s Creed Freedom Cry', 449, 'Play as Adewale, an ex-slave turned Assassin fighting for freedom with the help of his own Pirate crew.', '最低配備:\r\n作業系統: Windows Vista SP2 or Windows 7 SP1 or Windows 8 (both 32/64bit versions)\r\n處理器: Intel Core2Quad Q8400 @ 2.6 GHz or AMD Athlon II X4 620 @ 2.6 GHz\r\n記憶體: 2 GB 記憶體\r\n顯示卡: Nvidia GeForce GTX 260 or AMD Radeon HD 4870 (512MB VRAM with Shader Model 4.0 or higher)\r\n儲存空間: 30 GB 可用空間\r\n音效卡: DirectX Compatible Sound Card with latest drivers\r\n備註: Windows-compatible keyboard and mouse required, optional controller', 'Ubisoft', '2014-02-25', 'RPG', '2017-12-04 16:30:00', ''),
('RPG0000140', 'Assassin\'s Creed Liberation HD', 599, 'Introducing Assassin’s Creed® Liberation HD, the striking chapter of the pre-American Revolution Assassin’s Creed saga which arrives for the first time on HD consoles and PC. With improved gameplay, a deeper story, and HD graphics, Liberation is an immersive and full Assassin’s Creed experience.', '作業系統: Windows Vista SP2, Windows 7 SP1, Windows 8 / 8.1 (both 32/64bit versions)\r\n處理器: Intel Core i3 2105 @ 3.1 GHz or AMD Phenom 2 X4 955 @ 3.2GHz\r\n記憶體: 2 GB 記憶體\r\n顯示卡: Nvidia GeForce 8800GT or AMD Radeon HD4870 (512MB VRAM & Shader Model 4.0)\r\n儲存空間: 3500 MB 可用空間\r\n音效卡: DirectX Compatible Sound Card with latest drivers\r\n備註: Supported video cards at time of release: Nvidia GeForce 8800GT or better, GeForce 9, GTX 200, GTX 400, GTX 500, GTX 600, GTX 700 series. AMD Radeon HD4870 or better, HD5000, HD6000, HD7000, R7 and R9 series. Note: Latest GeForce drivers tested: 331.65 for all series. Latest Radeon drivers tested: 13.9 Legacy for Radeon HD4870 and Windows Vista, 13.9 for Radeon HD5000 and above. Laptop versions of these cards may work but are NOT officially supported.', 'Ubisoft', '2014-01-16', 'RPG', '2017-12-11 11:38:15', ''),
('RPG0000148', 'Child of Light', 449, 'Aurora, a young girl from 1895 Austria, awakens on the lost fairytale continent of Lemuria. To return home she must fight against the dark creatures of the Queen of the Night, who have stolen the sun, the moon and the stars. At stake is not only Lemuria, but Aurora’s true destiny.', '作業系統: Windows Vista, Windows 7 SP1, Windows 8/8.1 (32/64bit versions)\r\n處理器: Intel Core2Duo E8200 @ 2.6 GHz or AMD Athlon II X2 240 @ 2.8 GHz\r\n記憶體: 2 GB 記憶體\r\n顯示卡: nVidia GeForce 8800 GT or AMD Radeon HD2900 XT (512MB VRAM with Shader Model 4.0 or higher)\r\nDirectX: 版本：9.0c\r\n網路: 寬頻網際網路連線\r\n儲存空間: 3 GB 可用空間\r\n音效卡: DirectX Compatible Sound Card with latest drivers\r\n備註: Windows-compatible keyboard and mouse required, optional Microsoft XBOX360 controller or compatible', 'Ubisoft', '2014-04-30', 'RPG', '2017-12-04 16:45:45', ''),
('RPG0000188', 'Age of Wonders III', 688, 'Age of Wonders III is the long anticipated sequel to the award-winning strategy series. Delivering a unique mix of Empire Building, Role Playing and Warfare, Age of Wonders III offers the ultimate in turn-based fantasy strategy for veterans of the series and new players alike!', '作業系統: Windows XP, Windows Vista, Windows 7, Windows 8, Windows 8.1\r\n處理器: Intel Core 2 Duo E6600 @ 2.4 Ghz or AMD Athlon 64 X2 5000+ @2.6 Ghz\r\n記憶體: 2 GB 記憶體\r\n顯示卡: nVidia 8800 / ATi Radeon HD 3870 with 512MB or Laptop integrated Intel HD 3000 with 3GB system ram\r\nDirectX: 版本：9.0c\r\n網路: 寬頻網際網路連線\r\n儲存空間: 10 GB 可用空間\r\n音效卡: DirectX 9 Compatible\r\n備註:\r\nRequires a 1024x768 screen resolution.\r\nRequires an open IPv4 connection for online multiplayer.\r\nA Triumph Account is required to use the game\'s online services. The game\'s single player and Hot Seat modes are fully playable using the guest account.\r\nPlease note that the Editor is Windows only.', 'Paradox Interactive', '2014-04-01', 'RPG', '2017-12-12 11:13:55', ''),
('RPG0000189', 'Age of Wonders II', 278, 'Age of Wonders II is the wildly anticipated sequel to the award-winning strategy phenomenon. Delivering an invigorating mix of Empire Building, Role-playing, and Warfare, Age of Wonders II brings s turn-based strategy to new heights.', 'OS: Windows 95 or later\r\nProcessor: Intel Pentium 300+ CPU\r\nMemory: 64MB RAM\r\nGraphics: DirectX compatible graphic card\r\nHard Drive: 500MB hard disk', 'Paradox Interactive', '2010-10-01', 'RPG', '2017-12-04 19:03:06', ''),
('RPG0000190', 'Age of Wonders', 178, 'Welcome to Age of Wonders, the authentic turn based fantasy strategy classic that started the hit series. Age of Wonders’ intimate atmosphere with painterly graphics still shines today. The game’s fully patched up, start building your fantasy empire today!\r\nThe Age of Wonders, once a time of magic and peace. An age swept into the ravaging gale of chaos by the arrival of a single, uninvited race: the Humans. The fragile balance that existed between the ancient races, Elves, Dwarves, Orcs and others, has changed into a struggle for power and survival in the wake of the turmoil the Humans have brought to the land. Prepare for a strategy adventure where you will uncover wondrous ancient artifacts, awesome magical power, and the secrets of a shattered empire. Ally with the forces of light or darkness to determine the fate of the world in the Age of Wonders!', 'OS: Windows\r\nProcessor: Intel Pentium 166+ CPU\r\nMemory: 32MB RAM\r\nGraphics: DirectX compatible graphic card\r\nHard Drive: 350MB hard disk', 'Paradox Interactive', '2010-10-01', 'RPG', '2017-12-04 19:03:06', ''),
('RPG0000192', 'Gaydorado', 69, 'Gaydorado是一款面向LGBT同志人群的小說式交友換裝RPG遊戲，遊戲內每個角色都有獨特的故事線，當然體驗豐富劇情的同時，也可以在遊戲內和其他真實的玩家交友，比拼大家的時尚穿衣style，結識更多朋友！\n\n-同志專屬故事線，小說式劇情體驗\n遊戲內有不同類型的同志角色，也包含了他們之間獨特的故事，其中既有浪漫情節，也有刺激的動作場景，隨著解鎖越來越多的角色，更可以體驗豐富浪漫的小說式劇情。\n\n-時尚個性服飾，展示個人風格\n既然是一款社交時裝RPG遊戲，那就少不了多樣的時尚元素，Gaydorado裡面含有上百種時裝可供玩家搭配選擇，可以裝扮成學生，設計師，工程師，甚至消防員等等。盡情展示想象力和個性style吧！ 如果Gaydorado裡沒有中意的衣服，也可以聯繫Gaydorado的Facebook粉絲團分享想法！說不定可以被選入遊戲！\n\n-豐富遊戲體驗，滿足所有需求\n除了多樣時裝和豐富故事情節之外，Gaydorado裡還有Gym可供玩家提升戰鬥力，PVP競技場展示力量，和遊戲內不同的角色約會和更親密接觸，更有即將上線的結婚系統，可以讓兩個真實的玩家互相認識，并組建自己的幸福家庭！', '比沖水馬桶還要乾淨的純潔心靈', 'CocoBear', '2017-10-17', 'RPG', '2017-12-24 14:48:11', ''),
('SDB0000010', 'Garry\'s Mod', 278, 'Garry\'s Mod 是一個物理實驗場。 不像一般遊戲，這款遊戲並沒有預定的目標或目的。 我們給您工具，您決定遊戲內容。\r\n您可以叫出各種物件互相組合，創造新的道具，不論汽車、火箭、投石車還是連名字都沒有的機器，一切都由您決定。\r\n不過若您對設計工程不拿手，也別擔心！ 您還能把許多不同角色放在好笑的地方。', '作業系統: Windows® Vista/XP\r\n處理器: 1.8 GHz Processor\r\n記憶體: 2 GB 記憶體\r\n顯示卡: DirectX® 9 level Graphics Card (Requires support for SSE)\r\nDirectX: 版本：9.0c\r\n網路: 寬頻網際網路連線\r\n儲存空間: 5 GB 可用空間\r\n音效卡: DirectX® 9 compatible', 'Valve', '2006-11-29', 'SDB', '2017-12-02 11:43:51', ''),
('SDB0000019', 'The Sims 2 Ultimate Edition', 399, '本作的家庭成員之間的關係比前作完整得很多，尤其是結婚系統及生育系統，玩家甚至可以延續一個家族的家譜。\r\n人物也引入了更佳的思想系統，他們會有欲望，玩家可以在設計人物時制訂人物的終生志向，使人物終生為此而奮鬥。欲望系統有6個終生欲望（另有一個隱藏的烤起司終生欲望，由失敗的改變終生欲望產生），6個欲望等級，透過達成人物的欲望，欲望等級便能提升。大學資料片還加入了影響等級，朋友越多影響等級越高，人物可以利用影響值命令另一個人物執行動作，例如：寫作業、打掃和惡作劇等。而在平常生活下，人物們也有期望，無論是正面的或是負面的。\r\n\r\n在新的系列中，人物可以通過更現實的約會和派對來結識異性。不像前作，本作人物生育需要經過一個懷孕期（大約三天），肚皮會愈來愈大，而前作僅僅是詢問一下就得到下一代。而一些重大的事也會令到人物記憶深刻，例如：死亡，葬禮，初吻，初戀，學會走路，學會如廁，學會說話等等。記憶將會影響人物一生的行為。\r\n\r\n圖像引擎及房屋、人物設計引擎相比前作有著極大的提高，而且提供了極佳的設計平台。EA在主程式附送了一個名為「美體工坊」（Body Shop）的插件，及後更發布了一個可以供玩家設計壁紙以及地板圖樣的插件「夢幻工坊」（Home Crafter）。', '作業系統: Windows 98/ME/2000/XP/Vista/Windows 7\r\n處理器: Pentium III or Athlon\r\n處理器速度: 800 MHz with a T&L capable Video Card (2.0 GHz without Hardware T&L Video Card)\r\n記憶體: 256 MB\r\n顯示卡: 32 MB 3D accelerated video card (NVIDIA GeForce2/ATI Radeon VE/Intel Extreme Graphics or better)\r\n音效卡: Any card supports DirectX 8.1\r\n儲存空間: 3.5 GB', 'Electronic Arts', '2008-11-17', 'SDB', '2017-12-02 14:17:09', ''),
('SDB0000020', 'The Sims 3', 599, 'Create the lives you\'ve always wanted!\r\n\r\nReady to live a freer, more creative life? In The Sims 3, you can let your fantasies run wild as you design your ideal world. Start with your Sim, refining each shape, color and personality trait until you get the precise person that pleases you. Design your dream home, but don\'t let a grid limit you; place, rotate and stack furniture and walls freely and to your heart\'s content.\r\n\r\nOnce the “hard work” is over, it\'s time to be a mentor. Guide your Sim\'s path through life, developing a career, finding love, and pursuing dreams and desires. Spending time with friends and family is just as important as mastering painting or accumulating knowledge.\r\n\r\nTake things to the next level and record movies of your Sim\'s adventures and share them with the ever-growing and thriving community. With a huge catalog of expansion packs and fun objects to discover, there is no end to the possibilities awaiting you. It all begins here; your adventure awaits!', '作業系統: Windows XP (Service Pack 2) or Windows Vista (Service Pack 1)\r\n處理器: (XP) 2.0 GHz P4 processor or equivalent; (Vista) 2.4 GHz P4 processor or equivalent \r\n記憶體: (XP) 1 GB; (Vista) 1.5 GB\r\n顯示卡: 128 MB Video Card with support for Pixel Shader 2.0\r\nDirectX®: \r\n儲存空間: At least 6.5 GB of hard drive space with at least 1 GB additional space for custom content', 'Electronic Arts', '2009-06-02', 'SDB', '2017-12-02 14:17:10', ''),
('SDB0000029', 'SPORE', 599, 'From Single Cell to Galactic God, evolve your creature in a universe of your own creations.\r\nPlay through Spore\'s five evolutionary stages: Cell, Creature, Tribe, Civilization, and Space. Each stage has its own unique style, challenges, and goals. You can play how you choose  start in Cell and nurture one species from humble tidepool organism to intergalactic traveler, or jump straight in and build tribes or civilizations on new planets. What you do with your universe is up to you.\r\nSpore gives you a variety of powerful yet easy-to-use creation tools so you can create every aspect of your universe: creatures, vehicles, buildings, and even starships. While Spore is a single-player game, your creations are automatically shared with other players providing a limitless number of worlds to explore and play.', 'OS: Microsoft Windows® XP with Service Pack 1 and Vista\r\nProcessor: 2.0 GHz Intel Pentium® 4 or equivalent\r\nMemory: 512 MB RAM (768 MB RAM for Vista)\r\nGraphics: 128 MB Video Card, with support for Pixel Shader 2.0\r\nDirectX®: The latest version of DirectX 9.0c or higher\r\nHard Drive: At least 4 GB of hard drive space, with at least 1 GB additional space for creations', 'Electronic Arts', '2008-12-19', 'SDB', '2017-12-02 14:17:25', ''),
('SDB0000045', 'Terraria', 278, '挖掘、戰鬥、探險、建造！在這個動作感十足的冒險遊戲裡，沒有不可能的事。這世界是畫板，而這片大地本身就是您的顏料！ \r\n拿起你的工具並出發吧！製作武器來擊退各種敵人。挖到地底深處來取得配件，金錢，和很多其他非常有用的東西。收集資源來創造在您擁有的世界裡的所有東西。蓋個房子，堡壘，或甚至一座城堡。人們會搬到那裏，說不定還會賣您各式各樣的能協助您冒險的工具呢。\r\n但小心，還有更多的挑戰在等著您... 您準備好接受任務了嗎？\r\n重點特色：\r\n沙盒（Sandbox）遊戲模式\r\n隨機建立的遊戲世界\r\n免費的內容更新', 'OS: Windows Xp, Vista, 7, 8/8.1, 10 \r\nProcessor: 2.0 Ghz \r\nMemory: 2.5GB\r\nHard Disk Space: 200MB  \r\nVideo Card: 128mb Video Memory, capable of Shader Model 2.0+\r\nDirectX®: 9.0c or Greater ', 'Re-Logic', '2017-05-17', 'SDB', '2017-12-02 14:17:50', ''),
('SDB0000055', 'Universe Sandbox ²', 378, 'Universe Sandbox ² is a physics-based space simulator that allows you to create, destroy, and interact on an unimaginable scale.\r\nIt merges real-time gravity, climate, collision, and material interactions to reveal the beauty of our universe and the fragility of our planet. Universe Sandbox ² is the long-awaited sequel to the original Universe Sandbox.\r\nUniverse Sandbox ² includes the desktop version and a VR mode with support for the HTC Vive & Oculus Rift+Touch. This is a free, automatic update.\r\n\r\nSimulate Gravity\r\nN-body simulation at almost any speed using Newtonian mechanics. Real science, real physics, no supercomputer required. \r\n\r\nCollide Planets & Stars\r\nEpic, mind blowing collisions of massive planetary bodies.\r\n\r\nModel Earth\'s Climate\r\nWatch sea ice grow and recede with the seasons because of the tilt of the Earth: change the tilt and change the seasons. Or move the Earth farther from the Sun and freeze the entire planet.\r\n\r\nTerraform Planets\r\nAdd carbon dioxide to a planet\'s atmosphere to heat it up. Then add water...\r\n\r\nDeform Surfaces\r\nImpact planets with asteroids and comets and leave behind massive, molten craters.\r\n\r\nSupernova a Star\r\nMake a star evolve by cranking up its age or mass, then watch a supernova unfold.\r\n\r\nAnd more...\r\n‧Historical simulations - ride along with Juno, New Horizons, & other spacecraft\r\n‧Material System - build planets out of Hydrogen, Iron, Rock, & Water\r\n‧Solar flares & volatile trails\r\n‧Procedurally generated stars & planets\r\n‧Pulsars\r\n‧Light-warping black holes\r\n‧Dark matter', '處理器: 1.6GHz dual-core\r\n記憶體: 1 GB 記憶體\r\n顯示卡: 512 MB Video Memory, Shader Model 3.0\r\nDirectX: 版本：9.0c\r\n儲存空間: 2 GB 可用空間', 'Giant Army', '2015-08-24', 'SDB', '2017-12-02 11:44:04', ''),
('SDB0000111', 'Unturned - Permanent Gold Upgrade', 148, 'STAY UNTURNED\r\nYou\'re one of the few not yet turned zombie. Keeping it that way will be a challenge.\r\n\r\nGo in guns blazing and attract the attention of everything, living and dead.\r\nTake a subtle approach sneaking around and making use of distractions.\r\nConfront and learn to counter special abilities ranging from invisibility to fire breathing to lightning attacks.\r\n\r\nSTRUGGLE AGAINST NATURE\r\nZombies aside nature does plenty to make life hard.\r\n\r\nForage wild fruits and vegetables.\r\nHunt animals for pelts and meat, or in some hostile environments become the prey.\r\nFish for food and garbage.\r\nPlant a crop and make sure it gets rain.\r\nSeek warmth and take shelter from blizzards.\r\n\r\nDEAL WITH OTHER PLAYERS\r\nFriend or foe there\'s a lot of interesting people online.\r\n\r\nArrest bandits with handcuffs and blindfold them as a non-lethal strategy.\r\nFight with every kind of weapon under the sun - swords, machine guns, snipers, missiles, landmines - you name it.\r\nRaid enemy encampments using charges and detonators and steal their loot.\r\nFor pure PvP play arena mode in a last man standing battle to the death, or PvE for peaceful cooperation.\r\nRoleplay servers encourage everyone to stay in character and tell a story together.', '作業系統: Windows 7 32-bit\r\n處理器: 2 GHz\r\n記憶體: 4 GB 記憶體\r\nDirectX: 版本：9.0c\r\n儲存空間: 4 GB 可用空間', 'Smartly Dressed Games', '2017-07-08', 'SDB', '2017-12-02 14:19:40', ''),
('SDB0000121', 'Space Engineers', 588, 'Space Engineers is a sandbox game about engineering, construction, exploration and survival in space and on planets. Players build space ships, space stations, planetary outposts of various sizes and uses, pilot ships and travel through space to explore planets and gather resources to survive.', '作業系統: Microsoft Windows 7 (latest SP) 64-bit\r\n處理器: Intel i3 @ 3 GHz or higher (or AMD equivalent)\r\n記憶體: 8 GB 記憶體\r\n顯示卡: Geforce 4xx or higher / ATI HD 5xxx or higher, Rx 2xx or higher\r\nDirectX: 版本：11\r\n儲存空間: 25 GB 可用空間\r\n音效卡: DirectX® compatible on-board\r\n備註: No internet connection required to play the game', 'Keen Software House ', '2013-10-24', 'SDB', '2017-12-02 14:19:56', ''),
('SDB0000155', 'Medieval Engineers', 468, 'Medieval Engineers is a sandbox game about engineering, construction and the maintenance of architectural works and mechanical equipment using medieval technology. Players build cities, castles and fortifications; construct mechanical devices and engines; perform landscaping and underground mining. There is an entire planet to explore!\r\n\r\nThe game is inspired by real medieval technology and the way people built architectural works and mechanical equipment using medieval technology. Medieval Engineers strives to follow the laws of physics and history and doesn\'t use any technologies that were not available in the 5th to 15th centuries.\r\n\r\nMedieval Engineers concentrates on construction aspects, but can be played as an action game too. We expect players to avoid engaging in direct man-to-man combat and instead use their creativity and engineering skills to build war machines and fortifications. Medieval Engineers shouldn’t be about troops; it should be about the machinery you build.\r\n\r\nMedieval Engineers is the second “engineering” game developed by Keen Software House. The first one is Space Engineers, which sold over 2 million copies in its first year and is still a bestseller.', '作業系統: Microsoft Windows 7 (latest SP) 64-bit\r\n處理器: Intel Core2 Duo 2.0 GHz (or AMD equivalent)\r\n記憶體: 8 GB 記憶體\r\n顯示卡: NVIDIA GeForce GTX 460 / AMD Radeon HD 5830 / Intel HD Graphics 4000\r\nDirectX: 版本：11\r\n儲存空間: 10 GB 可用空間\r\n音效卡: DirectX® compatible on-board', 'Keen Software House', '2015-02-20', 'SDB', '2017-12-04 18:05:05', ''),
('SDB0000159', 'Everything', 398, 'Be the Universe in this epic, award-winning reality simulation game - featuring thousands of playable characters, endless exploration, an extraordinary soundtrack and narration from Alan Watts.', '作業系統: 64-Bit Windows 7 Service Pack 1, or Windows 8\r\n處理器: 2 GHz Dual-Core 64-bit CPU\r\n記憶體: 8 GB 記憶體\r\n顯示卡: NVIDIA® GeForce® GTX 660 or AMD Radeon™ equivalent\r\nDirectX: 版本：11\r\n儲存空間: 2 GB 可用空間', 'Double Fine Presents', '2017-04-21', 'SDB', '2017-12-04 17:07:06', ''),
('SDB0000163', 'Planet Centauri', 398, 'Embark on your greatest adventure to Planet Centauri! Explore hidden dungeons, capture and tame monsters, build and protect a NPC community, craft your own weapons and create your own magic spells! Develop and raise the Planet Centauri to the heavens as the cradle of a new civilization!', '作業系統: Windows XP\r\n處理器: DualCore 2GHz\r\n記憶體: 2 GB 記憶體\r\n顯示卡: Card with 256MB and support Shader Model 1.3\r\n儲存空間: 250 MB 可用空間\r\n音效卡: /', 'Permadeath', '2016-06-03', 'SDB', '2017-12-04 17:13:06', ''),
('SIM0000004', 'Stardew Valley', 398, 'Stardew Valley is an open-ended country-life RPG! \r\nYou\'ve inherited your grandfather\'s old farm plot in Stardew Valley. Armed with hand-me-down tools and a few coins, you set out to begin your new life. Can you learn to live off the land and turn these overgrown fields into a thriving home? It won\'t be easy. Ever since Joja Corporation came to town, the old ways of life have all but disappeared. The community center, once the town\'s most vibrant hub of activity, now lies in shambles. But the valley seems full of opportunity. With a little dedication, you might just be the one to restore Stardew Valley to greatness!', '作業系統: Windows Vista or greater\r\n處理器: 2 GHz\r\n記憶體: 2 GB 記憶體\r\n顯示卡: 256 mb video memory, shader model 3.0+\r\nDirectX: 版本：10\r\n儲存空間: 500 MB 可用空間', 'Chucklefish', '2016-02-27', 'SIM', '2017-12-02 11:44:28', ''),
('SIM0000027', 'SimCity 4 Deluxe Edition', 599, 'SimCity 4 Deluxe Edition includes the bestselling SimCity 4 and the all-new SimCity 4 Rush Hour Expansion Pack. Create the most massive region of cities ever, with a farming town, bedroom community, high-tech commercial center, and industrial backbone. Take complete control of your city\'s transportation system, and solve U-Drive-It missions — from fighting crime to tackling disasters. Watch your population skyrocket as you get your Sims on the go and create the ultimate living, breathing megalopolis — the most expansive SimCity 4 compilation ever.', 'OS: Windows XP\r\nProcessor: PIII 500 or equivalent \r\nMemory: 256MB \r\nGraphics: 32MB supported Direct3D capable video card with DirectX 7.0 or greater\r\ncompatible driver\r\nDirectX®: DirectX 8.1\r\nHard Drive: 1.6GB', 'Electronic Arts', '2003-09-22', 'SIM', '2017-12-02 14:17:22', ''),
('SIM0000028', 'Cities Skylines', 688, 'Cities: Skylines is a modern take on the classic city simulation. The game introduces new game play elements to realize the thrill and hardships of creating and maintaining a real city whilst expanding on some well-established tropes of the city building experience.\r\n \r\nFrom the makers of the Cities in Motion franchise, the game boasts a fully realized transport system. It also includes the ability to mod the game to suit your play style as a fine counter balance to the layered and challenging simulation. You\'re only limited by your imagination, so take control and reach for the sky!', '作業系統: Microsoft Windows XP/Vista/7/8/8.1 (64-bit)\r\n處理器: Intel Core 2 Duo, 3.0GHz or AMD Athlon 64 X2 6400+, 3.2GHz\r\n記憶體: 4 GB 記憶體\r\n顯示卡: nVIDIA GeForce GTX 260, 512 MB or ATI Radeon HD 5670, 512 MB (Does not support Intel Integrated Graphics Cards)\r\nDirectX: 版本：9.0c\r\n網路: 寬頻網際網路連線\r\n儲存空間: 4 GB 可用空間', 'Paradox Interactive', '2015-03-11', 'SIM', '2017-12-02 14:17:23', ''),
('SIM0000031', 'Farming Simulator 17', 650, 'Farming Simulator 17，由 Giants Software 研發，誠摯邀請您進入現代農夫充滿挑戰的世界。迎接務農生活的所有挑戰，其中包括動物飼養、收成、銷售、伐木等工作。你將決定如何進行管理，並在廣闊世界中發展你的農場！\r\n\r\n在你的職涯向前推進時，你可以操控超過一百種的農用載具和機器，這些都來自業界真實的知名品牌重現（Challenger、Fendt、Valtra、Massey Ferguson、等等）。在具備深度及身歷其境遊玩、大型開放世界、裝備全新機器龐大載具的陪伴下，Farming Simulator 邀請你搭上這班史上最大的農場模擬遊戲！Farming Simulator 17 將在 2016 年秋天推出，附帶許多新的功能（新地圖、新品牌和車輛、可飼養新動物、還有許多我們之後將公佈的新遊戲特色）', '作業系統: Windows 7, Windows 8, Windows 10\r\n處理器: 2.0 GHz Intel or equivalent AMD dual-core processor\r\n記憶體: 2 GB 記憶體\r\n顯示卡: Nvidia Geforce GTS 450 Series, AMD Radeon HD 6770 graphics card or better (min 1GB VRAM)\r\n網路: 寬頻網際網路連線\r\n儲存空間: 6 GB 可用空間', 'Focus Home Interactive', '2016-10-25', 'SIM', '2017-12-02 14:17:28', ''),
('SIM0000032', 'Euro Truck Simulator 2', 468, 'Travel across Europe as king of the road, a trucker who delivers important cargo across impressive distances! With dozens of cities to explore from the UK, Belgium, Germany, Italy, the Netherlands, Poland, and many more, your endurance, skill and speed will all be pushed to their limits. If you\'ve got what it takes to be part of an elite trucking force, get behind the wheel and prove it!', 'OS: Windows 7\r\nProcessor: Dual core CPU 2.4 GHz\r\nMemory: 4 GB RAM\r\nGraphics: GeForce GTS 450-class (Intel HD 4000)\r\nHard Drive: 3 GB available space', 'SCS Software ', '2013-01-17', 'SIM', '2017-12-02 14:17:30', ''),
('SIM0000033', 'X-Plane 11', 1652, 'The future of flight simulation is now.\r\nX-Plane 11 is the detailed, realistic, and modern simulator you\'ve been waiting for.\r\n\r\n\r\nNew in X-Plane 11\r\nA completely redesigned, intuitive user interface that makes setting up and editing your flight a breeze.\r\nConsistently usable 3-D cockpits and stunningly high-resolution exterior models for all included aircraft.\r\nA new effects engine for lighting, sounds, and explosions.\r\nRealistic avionics: all planes are IFR-ready right out of the gate.\r\nBusy, “living” airports with pushback tugs and roaming fuel trucks, able to service both your aircraft and the simulator\'s AI planes.\r\nNew buildings & roads to better simulate European cities\r\n…and more!', '作業系統: Windows 7, 8.1, or 10, 64-bit\r\n處理器: Intel Core i3, i5, or i7 CPU with 2 or more cores, or AMD equivalent\r\n記憶體: 8 GB 記憶體\r\n顯示卡: DirectX 11-capable video card from NVIDIA or AMD w/512 MB VRAM\r\nDirectX: 版本：11\r\n儲存空間: 20 GB 可用空間\r\n音效卡: Default', 'Laminar Research ', '2017-03-30', 'SIM', '2017-12-02 14:17:32', ''),
('SIM0000034', 'Kerbal Space Program', 868, 'In KSP you must build a space-worthy craft, capable of flying its crew out into space without killing them. At your disposal is a collection of parts, which must be assembled to create a functional ship. Each part has its own function and will affect the way a ship flies (or doesn\'t). So strap yourself in, and get ready to try some Rocket Science!\r\n\r\nThe game offers three gameplay modes: Sandbox, in which you are free to build anything you can think of; Science Mode, which lets you perform Scientific experiments to advance the knowledge of Kerbalkind and further the available technology; and Career Mode, in which you must manage every aspect of your Space Program, including administration strategies, Crew Management, Reputation, as well as taking up Contracts to earn Funds and upgrade your Space Center Facilities (or repair them).', 'OS:Windows Vista or 7\r\nProcessor:Core 2 Duo\r\nMemory:3GB RAM\r\nGraphics:SM3 512MB VRAM\r\nHard Drive:4 GB HD space', 'Squad', '2015-04-28', 'SIM', '2017-12-02 14:17:33', ''),
('SIM0000035', 'Train Simulator', 568, 'Train Simulator fully immerses you in a World of trains, transporting you to a place where you decide what to do, where and when. Experience the challenge of mastering a wide variety of different locos and learning the routes in every direction. Unlock your creative potential using powerful tools to create your very own routes and scenarios and enjoy your collection from the perspective of the driver, passenger or railfan. Whatever you love about trains, Train Simulator has it covered.', 'OS:Windows® 7 / 8.1\r\nProcessor:2.8 GHz Core 2 Duo (3.2 GHz Core 2 Duo recommended), AMD Athlon MP (multiprocessor variant or comparable processors)\r\nMemory:4 GB RAM\r\nGraphics:512 MB - 1GB with Pixel Shader 3.0 (AGP PCIe only)\r\nDirectX®:9.0c\r\nHard Drive:40 GB HD space\r\nSound:Direct X 9.0c compatible\r\nOther Requirements:Broadband Internet connection\r\nAdditional:Quicktime Player is required for playing the videos', 'Dovetail Games', '2009-07-12', 'SIM', '2017-12-02 14:17:34', ''),
('SIM0000080', 'RollerCoaster Tycoon® 3 Platinum', 468, 'Rollercoaster Tycoon 3 Platinum combines the excitement of rollercoasters with the fun of great strategy sim. RCT3 Platinum combines the roller coaster theme park fun of the Roller Coaster Tycoon 3 with included expansion packs Soaked! and Wild! Now enjoy more options than ever. Build your own water slide or create your own safari with real animals. Watch guest reactions to your ultimate theme park!', 'OS: Windows 2000/XP\r\nProcessor: Pentium® III 733 MHz or compatible (Pentium® 4 1.2 GHz or compatible recommended)\r\nMemory: 128 MB RAM; 256 MB for XP (256 MB; 384 MB for XP recommended)\r\nGraphics: Any ATI Radeon™ or GeForce™ 2 with 32MB or higher; or other video card with 32MB and hardware T&L (ATI Radeon™ 64 MB SDR or GeForce™ 2 Pro or other video card with 64 MB or more memory and hardware T&L recommended)*\r\nDirectX Version: DirectX® version 9 (included) or higher\r\nSound: Windows® 2000/XP-compatible 16-bit sound card*\r\nHard Drive: 600 MB free\r\n* Indicates device should be compatible with DirectX® version 9.0b or higher.', 'Atari, Aspyr (Mac)', '2006-10-26', 'SIM', '2017-12-02 14:18:48', ''),
('SIM0000081', 'Factorio', 320, 'Factorio is a game in which you build and maintain factories. You will be mining resources, researching technologies, building infrastructure, automating production and fighting enemies. In the beginning you will find yourself chopping trees, mining ores and crafting mechanical arms and transport belts by hand, but in short time you can become an industrial powerhouse, with huge solar fields, oil refining and cracking, manufacture and deployment of construction and logistic robots, all for your resource needs. However this heavy exploitation of the planet\'s resources does not sit nicely with the locals, so you will have to be prepared to defend yourself and your machine empire. ', '作業系統: Windows 10, 8, 7, Vista (64 Bit)\r\n處理器: Dual core 3Ghz+\r\n記憶體: 4 GB 記憶體\r\n顯示卡: 512MB Video Memory\r\n儲存空間: 1 GB 可用空間\r\n備註: Low sprite resolution and Low VRAM usage.', 'Wube Software LTD.', '2016-02-26', 'SIM', '2017-12-02 14:18:49', '');
INSERT INTO `product` (`PID`, `Product_Name`, `Price`, `Product_Description`, `System_Requirement`, `Supplier`, `Launch_Date`, `Category`, `Modified_Time`, `Pic_Url`) VALUES
('SIM0000082', 'RimWorld', 438, 'A sci-fi colony sim driven by an intelligent AI storyteller. Inspired by Dwarf Fortress and Firefly. Generates stories by simulating psychology, ecology, gunplay, melee combat, climate, biomes, diplomacy, interpersonal relationships, art, medicine, trade, and more.\r\nRimWorld is a sci-fi colony sim driven by an intelligent AI storyteller. Inspired by Dwarf Fortress, Firefly, and Dune.', '作業系統: Windows XP\r\n處理器: Core 2 Duo\r\n記憶體: 4 GB 記憶體\r\n顯示卡: Intel HD Graphics 3000 with 384 MB of RAM\r\n儲存空間: 500 MB 可用空間', 'Ludeon Studios', '2016-07-16', 'SIM', '2017-12-02 14:18:51', ''),
('SIM0000085', 'Oxygen Not Included', 378, 'In the space-colony simulation game Oxygen Not Included you’ll find that scarcities of oxygen, warmth and sustenance are constant threats to your colony\'s survival. Guide colonists through the perils of subterranean asteroid living and watch as their population grows until they\'re not simply surviving, but thriving... \r\n\r\nJust make sure you don\'t forget to breathe.', '作業系統: Windows 7 (64 bit)\r\n處理器: Dual Core 2 GHz\r\n記憶體: 4 GB 記憶體\r\n顯示卡: Intel HD 4600 (AMD or NVIDIA equivalent)\r\nDirectX: 版本：11\r\n儲存空間: 2 GB 可用空間', 'Klei Entertainment', '2017-05-18', 'SIM', '2017-12-02 14:18:56', ''),
('SIM0000087', 'Car Mechanic Simulator 2015', 468, 'Create and expand your auto repairs service empire. Car Mechanic Simulator 2015 will take you behind the scenes of daily routine in car workshop.Take on the role of the car mechanic and repair cars for your clients. Spend the earned money on expanding your workshop and improving your skills. Buy worn out cars, renovate them and sell with profit or become a famous car collector. If you manage your business well, you will surely succeed in the market.', '作業系統: Windows XP SP3 / Vista / 7 / 8\r\n處理器: Core i3 3.1 GHz or AMD Phenom II X3 2.8 GHz\r\n記憶體: 4 GB 記憶體\r\n顯示卡: GeForce GTX 560 or Radeon HD6870 with 2GB VRAM\r\nDirectX: 版本：9.0c\r\n儲存空間: 8 GB 可用空間\r\n音效卡: DirectX compatible', 'PlayWay S.A.', '2015-04-24', 'SIM', '2017-12-02 14:19:00', ''),
('SIM0000088', 'Car Mechanic Simulator 2018', 468, 'Car Mechanic Simulator 2018 challenges players to repair, paint, tune and drive cars.\r\nFind classic, unique cars in the new Barn Find module and Junkyard module. You can even add your self-made car in the Car Editor.\r\nBuild and expand your repair service empire in this incredibly detailed and highly realistic simulation game, where attention to car detail is astonishing.\r\nAll this with new, photorealistic graphics. Featuring more cars (40+), more tools (10+), more options and more parts (1000+) than ever before. It’s time to roll up your sleeves and get to work!', '作業系統: Windows(64-bit) 7 or Newer\r\n處理器: Intel Core i3 3.0 GHz\r\n記憶體: 4 GB 記憶體\r\n顯示卡: NVidia GeForce GTX 660 2GB VRAM\r\nDirectX: 版本：11\r\n儲存空間: 20 GB 可用空間', 'PlayWay S.A.', '2017-07-28', 'SIM', '2017-12-02 14:19:02', ''),
('SIM0000089', 'BeamNG.drive', 378, 'BeamNG.drive is a realistic, immersive driving game offering near-limitless possibilities. Our soft-body physics engine simulates every component of a vehicle in real time, resulting in realistic, dynamic behavior. \r\nThe driving feel is authentic and visceral, and crashes are realistic and violent; yet the physics are accessible enough to drive with a keyboard or gamepad while still being authentic with a full racing wheel with uncompromising realism.\r\n\r\nEnvironments and vehicles in BeamNG.drive are hand-crafted with passionate attention to detail. With years of meticulous design, research, and experience, we authentically recreate the feeling and excitement of real world driving.\r\n\r\nWe are a small team from around the world with no obligations to publishers or outside interests. Our users and modding community are our first priority. Help us make BeamNG.drive the ultimate driving experience and discover what an open and uncompromising soft-body vehicle simulator can be.', '作業系統: Windows 7 Service Pack 1\r\n處理器: Desktop Intel i3\r\n記憶體: 4 GB 記憶體\r\n顯示卡: GTX 550 TI\r\nDirectX: 版本：11\r\n儲存空間: 5 GB 可用空間', 'BeamNG', '2015-05-30', 'SIM', '2017-12-02 14:19:03', ''),
('SIM0000105', 'Banished', 468, 'In this city-building strategy game, you control a group of exiled travelers who decide to restart their lives in a new land. They have only the clothes on their backs and a cart filled with supplies from their homeland.\r\n\r\nThe townspeople of Banished are your primary resource. They are born, grow older, work, have children of their own, and eventually die. Keeping them healthy, happy, and well-fed are essential to making your town grow. Building new homes is not enough—there must be enough people to move in and have families of their own.\r\n\r\nBanished has no skill trees. Any structure can be built at any time, provided that your people have collected the resources to do so. There is no money. Instead, your hard-earned resources can be bartered away with the arrival of trade vessels. These merchants are the key to adding livestock and annual crops to the townspeople’s diet; however, their lengthy trade route comes with the risk of bringing illnesses from abroad.\r\n\r\nThere are twenty different occupations that the people in the city can perform from farming, hunting, and blacksmithing, to mining, teaching, and healing. No single strategy will succeed for every town. Some resources may be more scarce from one map to the next. The player can choose to replant forests, mine for iron, and quarry for rock, but all these choices require setting aside space into which you cannot expand.', '作業系統: Win XP SP3 / Vista / Windows 7 / Windows 8\r\n處理器: 2 GHz Intel Dual Core processor\r\n記憶體: 512 MB 記憶體\r\n顯示卡: 512 MB DirectX 9.0c compatible card (shader model 2)\r\nDirectX: 版本：9.0c\r\n儲存空間: 250 MB 可用空間\r\n音效卡: Any', 'Shining Rock Software LLC', '2014-02-19', 'SIM', '2017-12-02 14:19:30', ''),
('SIM0000113', 'Village of Adventurers 2', 186, '這是一款“經營模擬+RPG+Galgame“的另類獨立遊戲。\r\n遊戲上手難度高但玩進去後樂趣十足，隨著劇情的發展小鎮會受到怪獸的攻擊。\r\n作為主人公的你需要招募各種美少女冒險者，充分利用魔法、防禦塔、城牆來抵禦怪物的襲擊，通過大家的力量保衛家園。\r\n\r\n遊戲玩法：\r\n小鎮的畫面分為指示階段和行動階段。指示階段可以安排自己想要的建築物、也可以讓建築物等級提升。行動階段則是可以讓冒險者、小鎮人、自衛隊、怪獸自由行動。最終是為了保護小鎮人民的安全以及家園的和平。\r\n\r\n遊戲特色：\r\n・自由創建完全屬於自己的小鎮！\r\n・可以使用來幫助我們的冒險者通關。\r\n・超過1700張以上的動態圖製作而成的Q版可愛萌角色\r\n・在關卡之中可以通過各式各樣的魔法來支援美少女冒險者。\r\n・在２倍、３倍速加速的同時也可以讓遊戲進行的更輕鬆愉快。\r\n\r\n新手指南：\r\n1、在經營村子的場景，進行某個操作以後，需要按一次或者幾次Esc按鍵取消操作，返回主頁面進行其他操作\r\n2、如果要建造建築物，民家裡必須要有工匠職業\r\n3、點擊右上的箭頭可以結束回合\r\n4、在冒險回合，需要把人物放置到對應的關卡中，才能開始冒險\r\n5、在道具店和武器店把商品都上架以後，並且冒險者有錢，可以指示她們去購買\r\n6、建議把冒險者等級提升上去，有了比較多錢以後再建造更多建築物進入下個階段，不然容易被入侵者團滅\r\n\r\n卡牌：根據steam新政策，卡牌會在遊戲發行後達到一定的指標後掉落。\r\n目前玩家數量', '作業系統: WIN7 SP1/WIN8/WIN10/XP\r\n處理器: 1.2 GHz\r\n記憶體: 1 GB 記憶體\r\n顯示卡: DirectX 9 compatible graphics card\r\n儲存空間: 1 GB 可用空間', 'SakuraGame', '2017-11-29', 'SIM', '2017-12-02 14:19:44', ''),
('SIM0000122', 'Princess Maker 2 Refine', 318, 'Princess Maker 2 Refine offers a unique life simulation gameplay where the player takes a role as a father for a young girl and raise her into adulthood. Players have freedom of choices on how to raise the child, but each choice will impact on the outcome of what she will become.', 'OS: Windows® XP or higher\r\nProcessor: Intel Pentium 3 or higher\r\nMemory: 256 MB RAM\r\nGraphics: 32MB or greater graphics card\r\nStorage: 2 GB available space\r\nSound Card: Direct Sound', 'CFK Co., Ltd. ', '2016-09-28', 'SIM', '2017-12-02 14:19:58', ''),
('SIM0000149', 'Farming Simulator 15', 490, 'Welcome to the new generation of Farming Simulator!\r\n\r\nWith a brand new graphics and physics engine, Farming Simulator 15 offers an immense open world, filled with details and visual effects transporting the Farming Simulator franchise to a new era.\r\n\r\nManage your own farm: from harvesting to animal husbandry, and from the sales of fresh products to woodcutting, the benefits of your exploitation will allow you to develop, and invest in new and more powerful vehicles or tools.\r\n\r\nAcross hundreds of acres of land offered by the new Nordic environment, and a renovated North American environment, use and drive over 140 authentic vehicles and farming tools, from over 40 most famous manufacturers (including 20 new brands): New Holland, Ponsse, Case IH, Deutz-Fahr…\r\n\r\nThis new equipment includes a selection of vehicles and tools entirely dedicated to a new activity in Farming Simulator: woodcutting!\r\n\r\nIn multiplayer, invite up to 15 friends to help you develop your farm. Thanks to an active and passionate community, benefit from limitless new content: new vehicles, tools, and even environments!', '作業系統: Microsoft Windows Vista, Windows 7 or Windows 8\r\n處理器: 2.0 GHz Intel or equal AMD-Processor\r\n記憶體: 2 GB 記憶體\r\n顯示卡: 512 MB OF VIDEO MEMORY ATI RADEON HD 2600/NVIDIA GEFORCE 8600 OR HIGHER\r\n網路: 寬頻網際網路連線\r\n儲存空間: 3 GB 可用空間\r\n備註: INTERNET CONNECTION REQUIRED FOR THE ONLINE GAME', 'Focus Home Interactive', '2014-10-30', 'SIM', '2017-12-04 16:41:08', ''),
('SIM0000150', 'Farming Simulator 2013 - TITANIUM Edition', 488, 'Welcome to the greatest farming simulation ever made! \r\n\r\nFarming Simulator 2013® Titanium invites you into the challenging world of a modern day farmer. Take on all the challenges of farming life, including animal husbandry (cows, chicken and sheep), crops, sales… it’s up to you to manage and grow your own farm in a huge open world, including an all-new American environment. \r\nAs your career progresses, you will control over a hundred farming vehicles and machines, faithfully recreated from the biggest names in the industry (Case IH, Deutz-Fahr, Lamborghini, Grimme, etc…), including vehicles new to Farming Simulator! \r\n\r\nFarming Simulator 2013 Titanium also comes with an online mode and online services. You’ll be able to manage a farm with up to 10 other players online or via local network. You can also share mods, vehicles and equipment with players from all over the world, providing unlimited hours of gameplay. \r\n\r\nWith a deep and powerful simulation experience, a large open world, a huge fleet of vehicles including brand new machines, and exciting online possibilities, Farming Simulator 2013 Titanium invites you aboard the largest farming simulation ever created!', 'OS:WINDOWS XP SP3/WINDOWS VISTA SP2/WINDOWS 7\r\nProcessor:AMD/INTEL 2.0 GHZ\r\nMemory:1024 MB RAM\r\nGraphics:256 MB OF VIDEO MEMORY ATI RADEON X1600/NVIDIA GEFORCE 7600/INTEL HD 2000 OR HIGHER\r\nHard Drive:2 GB HD space\r\nAdditional:INTERNET CONNECTION REQUIRED FOR THE GAME ACTIVATION AND THE ONLINE GAME', 'Giants Software', '2013-10-10', 'SIM', '2017-12-04 16:42:31', ''),
('SIM0000151', 'Farming Simulator 2011', 278, 'The sequel to the best-selling worldwide hit \"\"Farming Simulator\"\" has loads of new features!\r\n\r\nAssume the role of a farmer experiencing the challenge of 18 hour days running a new farm in the middle of beautiful rolling countryside. \r\nYou start the game by choosing from a small collection of vehicles and machinery to explore your fairly sparse farmland which measures just 4 km. As you progress through the game you complete a variety of tasks like breeding and feeding the cows or spreading manure, milking, plowing, seeding and baling to build up wealth to invest in newer and better equipment and machinery.\r\nMulti-player mode allows you to manage your farm together with friends over the Internet or local area network.\r\nWith career mode you take on the role of a young farmer and experience the workaday life of the countryside in a completely adaptable world.\r\nChoose from loads of authentic licensed farming equipment including tractors, combine harvesters, plows, seeders and balers. \r\nThanks to the licensing of machinery from leading manufacturers including DEUTZ-FAHR, KRONE, HORSCH, PÖTTINGER and VOGEL & NOOT you are able to take control of authentic farming equipment.', 'OS: Microsoft Windows XP, Vista and 7\r\nProcessor: 2.0 GHz Intel or equivalent AMD processor\r\nMemory: 1 GB RAM\r\nGraphics: Nvidia Geforce 6800 Series, ATI Radeon X850, S3 Chrome 430 GT or better (min 256 MB VRAM)\r\nHard Drive: 1 GB free hard drive space\r\nSound: Sound card', 'Giants Software', '2010-10-29', 'SIM', '2017-12-04 16:42:52', ''),
('SIM0000160', 'Mountain', 30, 'Ambient procedural mountain game.', '作業系統: Windows XP/Vista/Windows 7/Windows 8\r\n處理器: 1.7+ GHz or better\r\n記憶體: 2 GB 記憶體\r\n顯示卡: Radeon HD5450 or better; 256 MB or higher\r\nDirectX: 版本：9.0c\r\n儲存空間: 200 MB 可用空間\r\n音效卡: 100% DirectX9.0c compatible sound card and drivers', 'Double Fine Presents', '2014-07-01', 'SIM', '2017-12-04 17:07:06', ''),
('SIM0000161', 'Planet Coaster', 958, 'Planet Coaster® – 雲霄飛車遊樂園模擬遊戲的明日之星來了！打造你的雲霄飛車遊樂園帝國，為數量驚人的遊客們帶來驚喜、歡樂和刺激。盡情發揮你的創意，並將成就分享給全世界。', '作業系統: Windows 7 (SP1+)/8.1/10 64bit\r\n處理器: Intel i5-2300/AMD FX-4300\r\n記憶體: 8 GB 記憶體\r\n顯示卡: nVidia GTX 560 (2GB)/AMD Radeon 7850 (2GB)\r\nDirectX: 版本：11\r\n儲存空間: 8 GB 可用空間', 'Frontier Developments', '2016-11-18', 'SIM', '2017-12-04 18:05:49', ''),
('SIM0000173', 'Goat Simulator', 278, '《模擬山羊》（Goat Simulator）是目前最嶄新的模擬技術，為您帶來新一代的山羊模擬體驗！ 您無需再困在腦海裡幻想自己變成一隻山羊，因為夢想已經成真！ 就用鍵盤上的 WASD 來創造歷史吧！ \r\n\r\n遊戲層面上，《模擬山羊》的唯一目的就是竭盡所能去造成最大的破壞。 這個遊戲就像過往的經典滑板遊戲 ── 不過你不再是個滑板小子而是一隻山羊，而且不再是做各種花式，而是搗碎所有東西！ 用最酷的風格來弄破東西，例如是在後空翻的同時 用頭槌把桶子頂穿窗子，這就可以賺到更多分數！ 你也可以試試在 Steam 工作坊上創造獨特的山羊、關卡、 任務等等！ 在山羊面前，再高的天空也不再是極限，因為你只需找個bug就能把整個遊戲當機。', '作業系統: Windows Vista\r\n處理器: 2.0 GHz Dual Core Processor\r\n記憶體: 2 GB 記憶體\r\n顯示卡: Shader Model 3.0, 256 MB VRAM\r\nDirectX: 版本：9.0c\r\n儲存空間: 2 GB 可用空間\r\n音效卡: DirectX 9.0c-compatible, 16-bit', 'Coffee Stain Publishing', '2014-04-02', 'SIM', '2017-12-04 18:01:25', ''),
('SIM0000174', 'Cat Simulator', 148, 'Cat Simulator is a fun first person-cat video game. Your goal is to chase rats and mice, break things, eat, and do other things that cats do... You will experience the joy of hunting mice and rats while racking up points by knocking things over. Cause as much destruction as you possibly can!', '作業系統: Windows XP or Later\r\n處理器: 100 MHz or higher\r\n記憶體: 128 MB 記憶體', 'Funny Games Group', '2016-02-12', 'SIM', '2017-12-04 18:01:25', ''),
('SIM0000175', 'Shark Simulator', 228, 'Shark Simulator is a WTF physics sandbox. Play as Ed the shark, and give those tourists a vacation they will remember!\r\n\r\nShark Simulator is about causing as much trouble as you can on a paradise island. Wreck an entire city using nothing but your jaw (at least in the beginning).', '作業系統: Windows XP SP2+\r\n處理器: 2.0 GHz Dual Core Processor\r\n記憶體: 2 GB 記憶體\r\n顯示卡: DX9 (shader model 3.0) 512 MB VRAM\r\nDirectX: 版本：9.0c\r\n儲存空間: 500 MB 可用空間\r\n音效卡: DirectX 9.0c-compatible, 16-bit', 'Aerilon Studios', '2017-11-23', 'SIM', '2017-12-04 18:02:29', ''),
('SIM0000177', 'Kingdoms and Castles', 278, '國王與城堡是一款王國發展遊戲，將一個小村莊擴展成宏偉國度的豐功偉業。', '作業系統: Microsoft Windows XP/Vista/7/8/8.1 (64-bit)\r\n處理器: Intel Core 2 Duo, 2.0GHz or AMD Athlon 64 X2 6400+, 2.5GHz\r\n記憶體: 4 GB 記憶體\r\n顯示卡: nVIDIA GeForce GTX 260 256mb or ATI Radeon HD 5670 256mb or Intel HD Graphics 4600\r\nDirectX: 版本：11\r\n儲存空間: 1 GB 可用空間', 'Lion Shield, LLC', '2017-07-20', 'SIM', '2017-12-04 18:17:08', ''),
('SPG0000047', 'NBA 2K18', 1790, '最高評分的年度本世代主機體育遊戲再次回歸了，《NBA 2K18》將為賽場帶來前所未有的真實性和改進。\r\n\r\n優秀的遊戲機制\r\n‧全新動作系統\r\n全新的動作系統讓玩家不但可以全權操控球員，還可獲得極高的真實感。現在，運球和無球動作不再是 動畫趨向。這項突破性的技術能動態地產生動畫以提供最棒的遊戲體驗。現在一切操之在您。\r\n‧改良過的投籃量表\r\n改良過得投籃量表能讓球員更連貫地投籃命中。多種回饋資訊（數值）讓玩家能更精準地拿捏出手時機。\r\n\r\n遊戲畫面與呈現\r\n‧更棒的球員精細度\r\n開發團隊投入了無數小時的時間，只為了讓每一位NBA球員看起來及感覺起來與他們在現實世界中的本 尊無異，而且就連最小的細節也不放過，例如疤痕、生長紋、退色的刺青等等。球員軀體系統已經過重 新設計，以便能精確地重現聯盟裡每位球員的體格。另外，也從無到有重建了所有球員的臉孔，好更細 膩地呈現更多細節，以及更逼真地呈現光影效果。\r\n‧雷射掃描球衣與配件（飾品）\r\n30支NBA球隊的雷射掃描球衣精確地呈現了每件球衣的設計，就連最細小的縫線痕跡都不放過。運用「真實色彩」技術，讓各隊球衣的色彩前所未見的純淨寫實，並讓白色雪白亮眼。搭配上改頭換面的球員 軀體系統，球衣在各種體型上皆服服貼貼。為了讓球員在球場上更加帥氣有型，玩家還可以看到《NBA 2K》史上數量最多的掃描球鞋和配件（飾品）。\r\n‧特別來賓評述\r\n運動電玩史上最堅強的播報陣容，現在比過去更加壯大。未來的名人堂球星與曾任《NBA 2K》封面球員 的Kobe Bryant與Kevin Garnett拿出自己的專才加入了播報的輪替行列，使得遊戲中的播報員總數達到 13人。\r\n‧傳奇球隊\r\n全時制霸陣容\r\n所有30支球隊的NBA史上最出色球員，首次組成了各隊的全時制霸陣容。在「快速比賽」中讓各隊的全 時制霸陣容互相較量，看看誰才是最強的，或是在MyTEAM的「全時制霸」模式中挑戰所有30支球隊的 全時制霸陣容。\r\n‧經典球隊\r\n《NBA 2K18》收錄了過去最出色的62支NBA球隊，包括17支新加入的球隊。讓您最喜愛的經典球隊對 抗現役NBA球隊，或是重現精彩萬分的總冠軍賽，或者瞧瞧Shaq和Kobe能否匹敵過去最強的湖人球隊 ，或是讓97-98公牛隊與15-16勇士隊一分高下。可能性無窮無盡。', '作業系統: Windows 7x64 / Windows 8.1x64 / Windows 10x64\r\n處理器: Intel® Core™ i3-530 @ 2.93 GHz / AMD Phenom™ II X4 805 @ 2.50 GHz or better\r\n記憶體: 4 GB 記憶體\r\n顯示卡: NVIDIA® GeForce® GT 450 1GB / ATI® Radeon™ HD 7770 1GB or better\r\nDirectX: 版本：11\r\n儲存空間: 70 GB 可用空間\r\n音效卡: DirectX 9.0x compatible\r\nDual-Analog Gamepad: Recommended', '2K Games', '2017-09-14', 'SPG', '2017-12-02 14:17:53', ''),
('SPG0000049', 'R.B.I. Baseball 16', 468, '用你最愛的大聯盟球隊遊玩並贏得世界大賽！R.B.I. 16有著加強的光影和圖像、翻新的防守AI、改良打擊系統、以及在季賽模式中模擬賽事的功能。嘗試全新場上動作像是飛撲、牆邊接殺、假動作…等，感受球場活力！將你的技巧提升至下一層級，在線上與其他玩家一同競賽。\r\n\r\n* 遊玩季賽、季後賽、表演賽和網路模式\r\n* 用完整的大聯盟球員名單更換你的先發陣容，或遊玩經典的R.B.I. 職棒大聯盟 16人名單。\r\n* 2016年整季的可下載球員名單更新\r\n* 按球隊、球員以及聯盟領先者分類追蹤你多季季賽數據。\r\n* 30個大聯盟真實球場，有著加強的光影、場地和圖像。\r\n* 可調整的難度設定', '作業系統: Windows XP, 7, 8, 10\r\n處理器: Intel Core 2 Duo\r\n記憶體: 4 GB 記憶體\r\n顯示卡: Geforce 9500GT\r\nDirectX: 版本：9.0c\r\n網路: 寬頻網際網路連線\r\n儲存空間: 5 GB 可用空間\r\n音效卡: DirectX 9.0c compatible\r\n備註: Requires two gamepads for local multiplayer', 'MLB.com', '2016-03-29', 'SPG', '2017-12-02 14:17:57', ''),
('SPG0000050', 'Golf With Your Friends', 178, 'Golf With Your Friends is an entertaining, challenging, multiplayer mini golf game for up to 12 players.\r\nThe game currently has 6 levels containing 18 holes each.\r\n\r\nThe controls are simple and the game is designed for the user to be able to host or join a game within a few seconds.\r\nThe game will be hosted on our servers where the user has the ability to add a password if so required or leave it open to the public.\r\n\r\nKey Features\r\n‧6 Vibrant challenging levels containing 18 holes each, 108 holes in total. \r\n‧12 Player multiplayer\r\n‧Ball customization\r\n‧Player created servers\r\n‧Steam invite', '作業系統: Windows® Vista/XP\r\n處理器: 1.8 GHz Processor\r\n記憶體: 4 GB 記憶體\r\n顯示卡: 512MB dedicated VRAM\r\n網路: 寬頻網際網路連線\r\n儲存空間: 4 GB 可用空間', 'Blacklight Interactive', '2016-01-30', 'SPG', '2017-12-02 14:17:58', ''),
('SPG0000051', 'Rocket League', 468, 'Soccer meets driving once again in the long-awaited, physics-based sequel to the beloved arena classic, Supersonic Acrobatic Rocket-Powered Battle-Cars!\r\n\r\nA futuristic Sports-Action game, Rocket League®, equips players with booster-rigged vehicles that can be crashed into balls for incredible goals or epic saves across multiple, highly-detailed arenas. Using an advanced physics system to simulate realistic interactions, Rocket League® relies on mass and momentum to give players a complete sense of intuitive control in this unbelievable, high-octane re-imagining of association football.', '作業系統: Windows 7 or Newer\r\n處理器: 2.4 GHz Dual core\r\n記憶體: 2 GB 記憶體\r\n顯示卡: NVIDIA GTX 260 or ATI 4850\r\nDirectX: 版本：9.0c\r\n網路: 寬頻網際網路連線\r\n儲存空間: 7 GB 可用空間', 'Psyonix, Inc.', '2015-07-07', 'SPG', '2017-12-02 14:18:00', ''),
('SPG0000053', 'FIFA 18', 1699, '採用Frostbite引擎的《FIFA 18》模糊了虛擬與真實世界的界線，將球員、球隊和世界級現場氣氛活現於您眼前。運用真實球員動作科技跨出每一步，此全新動畫系統可帶來前所未有的靈敏反應，並且鮮明地展現出球員個性，讓您在世界最引人入勝的遊戲氛圍中創下精彩時刻。此外，您還能化身成為Alex Hunter，與其他球星如雲的陣容，包括Cristiano Ronaldo和其他歐聯球星，一起展開全球征途。', '作業系統：Windows 10 - 64 位元**\r\n處理器：Intel i3 6300T 同等級處理器基準 (5,199) - Intel i3 4340 (5,226)，或 Intel i3 4350 (5,302) 作為替代選擇。\r\n與 AMD 同等級為 AMD Athlon X4 870K (5,219) - AMD FX-4350 (5,272) 或 FX-4330 (5,297) 作為替代選擇。\r\n記憶體：8GB\r\n所需硬碟空間：50.0 GB\r\n基本支援顯示卡：NVidia GeForce GTX 660 (4,116) 2GB 同等級處理器* 與 AMD 同等級為 Radeon RX 460 (4,218) / R9 270 (4,258) / R7 370 (4,258)\r\nDirectX：12', 'Electronic Arts', '2019-09-29', 'SPG', '2017-12-02 14:18:03', ''),
('SPG0000054', 'Powerful Pro Baseball 2016', 1450, '《實況野球 2016》是 1994 年問世至今 22 年的老牌棒球遊戲《實況野球》系列年度最新作，2015 年東京電玩展初次發表，首度登上新世代的 PS4 主機，如今則是正式定名。將搭載為了紀念冒險玩法的「成功（サクセス）」模式問世 20 周年所設計的「實況祭典（パワフェス）」，過去 19 款系列作的成功模式中登場的角色將齊聚一堂，在南國島嶼與玩家扮演的主角展開棒球對決。', '遊戲平台：PS4、PS3、PS Vita', 'KONAMI', '2016-04-28', 'SPG', '2017-12-02 14:18:05', ''),
('SPG0000098', 'FootRock', 30, 'Features:\r\n★ 150 exclusive levels\r\n★ Spectacular physics\r\n★ Dazzling visuals\r\n★ Epic mission\r\n★ Сlever opponents\r\n★ Rain, falling leaves, fire, meteor rain', '作業系統: Windows 8.1 (64 bit), Windows 7 (32 & 64 bit), Windows Vista (32 & 64 bit)\r\n處理器: AMD Athlon 64 3200+ / Intel Pentium 4 3200+\r\n記憶體: 1 GB 記憶體\r\n顯示卡: NVIDIA GeForce 6100 or compatible\r\n儲存空間: 500 MB 可用空間\r\n音效卡: Onboard Sound\r\n備註: .net Framework 2.0 or higher', 'nobodyshot', '2016-10-05', 'SPG', '2017-12-02 14:19:18', ''),
('SPG0000101', 'Worms Crazy Golf', 278, 'Worms™ Crazy Golf is a hilarious mixture of the explosive action of Worms™ and the puzzle-based challenges of crazy golf! All of the trademark Worms™ humour, comic violence, and cartoon visuals are present, combined with addictive yet accessible golf gameplay. With extensive and re-playable single-player options, and hot-seat multi-player for up to 4 players, this is not just a load of balls!', 'OS: Windows XP, Vista, 7\r\nProcessor: 1.25GHz AMD Athlon or Intel equivalent\r\nMemory: 1 GB RAM\r\nGraphics: 128MB Video Card (GeForce4 or equivalent card)\r\nDirectX®: DirectX® 9 or above\r\nHard Drive: 626 MB Space Free\r\nSound: DirectX® 9.0c-compliant sound card \r\nOther Requirements: Internet connection required', 'Team17 Digital Ltd', '2011-10-19', 'SPG', '2017-12-02 14:19:23', ''),
('SPG0000125', 'MLB 2K13', 790, 'MLB 2K13 delivers hours of baseball action for any level of sports fan or gamer. Master our signature right analog pitching controls to achieve perfection on the mound, enjoy the authentic baseball environment of MLB Today featuring real life commentary and statistics, and develop winning players and teams in My Player, Franchise & Postseason modes. Available March 5 for Xbox 360 and PlayStation3. Visit facebook.com/MLB2K for more details. ', '遊戲平台: XBOX 360', '2K Sports', '2013-03-05', 'SPG', '2017-12-02 14:20:03', ''),
('SPG0000126', 'MLB 13: The Show', 1230, 'MLB 13: The Show is a Major League Baseball video game which was published by Sony Computer Entertainment and developed by Sony San Diego. The game was released in March 2013 for the PlayStation 3 and PlayStation Vita. It is the second installment of the series to be fully compatible with PlayStation Move. The play-by play is done once again by Matt Vasgersian and Eric Karros along with a new commentator, Steve Lyons.\r\n\r\nThe American cover features Andrew McCutchen of the Pittsburgh Pirates. José Bautista, of the Toronto Blue Jays is on the Canadian cover.\r\n\r\nNew Features\r\n\r\n* Postseason mode, allowing players to play through a full MLB postseason, complete with realistic postseason atmosphere.\r\n* New color commentator Steve Lyons joins broadcast booth, replacing Dave Campbell.\r\n* Hitting enhancements, such as push/pull hitting trajectories engine\r\n* Diamond Dynasty Improvements: new card types, designated hitter option\r\n* Road To The Show (RTTS): new mode-specific presentation\r\n* New player development and budgeting systems in Season and Franchise modes\r\n* Fielding throwing meters\r\n', '遊戲平台: PS3、PS Vita', 'Sony Computer Entertainment', '2013-03-05', 'SPG', '2017-12-02 14:20:04', ''),
('STG0000001', 'Half-life 3', 666, '世上最受期待的經典續作終於姍姍來遲了！', '作業系統: Windows 33\r\n處理器: Intel Core i33 3000s @ 3.3 GHz, AMD FX 3330 @ 3.3 GHz or better\r\n記憶體: 3 GB 記憶體\r\n顯示卡: NVIDIA GeForce GTX 666 with 3 GB VRAM or AMD Radeon HD 7873, with 3 GB VRAM or better\r\n儲存空間: 87 GB 可用空間\r\n音效卡: DirectX compatible using the latest drivers', 'Valve', '2033-03-03', 'STG', '2017-12-02 11:45:31', ''),
('STG0000002', 'PLAYERUNKNOWN\'S BATTLEGROUNDS', 799, '絕地求生(PLAYERUNKNOWN\'S BATTLEGROUNDS)是大逃殺類型的遊戲，每一局遊戲將有100名玩家參與，他們將被投放在絕地島(battlegrounds)的上空，遊戲開始跳傘時所有人都一無所有。\r\n遊戲展開的方式是：玩家赤手空拳地分佈在島嶼的各個角落，利用島上多樣的武器與道具。\r\n隨著時間的流逝，島上的安全地帶越來越少，特定地區也會發生爆炸的情況，最終只有一人存活獲得勝利。', '作業系統: 64-bit Windows 7, Windows 8.1, Windows 10\r\n處理器: Intel Core i3-4340 / AMD FX-6300\r\n記憶體: 6 GB 記憶體\r\n顯示卡: nVidia GeForce GTX 660 2GB / AMD Radeon HD 7850 2GB\r\nDirectX: 版本：11\r\n網路: 寬頻網際網路連線\r\n儲存空間: 30 GB 可用空間', 'Bluehole, Inc.', '2017-03-23', 'STG', '2017-12-02 11:46:11', ''),
('STG0000006', 'PAYDAY 2 Ultimate Edition', 600, 'PAYDAY 2 is an action-packed, four-player co-op shooter that once again lets gamers don the masks of the original PAYDAY crew - Dallas, Hoxton, Wolf and Chains - as they descend on Washington DC for an epic crime spree.\r\nThe new CRIMENET network offers a huge range of dynamic contracts, and players are free to choose anything from small-time convenience store hits or kidnappings, to big league cyber-crime or emptying out major bank vaults for that epic PAYDAY. While in DC, why not participate in the local community, and run a few political errands?\r\nUp to four friends co-operate on the hits, and as the crew progresses the jobs become bigger, better and more rewarding. Along with earning more money and becoming a legendary criminal comes a new character customization and crafting system that lets crews build and customize their own guns and gear.', '作業系統: Windows 7\r\n處理器: 2 GHz Intel Dual Core Processor\r\n記憶體: 4 GB RAM\r\n顯示卡:Nvidia & AMD (512MB VRAM)\r\nDirectX®:9.0c\r\n儲存空間:31 GB HD space \r\n音效卡:DirectX 9.0c compatible', 'Starbreeze Publishing AB', '2013-08-13', 'STG', '2017-12-02 11:45:45', ''),
('STG0000008', 'Counter Strike Source', 318, '世界第一線上動作遊戲的再次出擊 \r\nCounter-Strike: Source 結合了 Counter-Strike 獲得大獎肯定的團隊遊戲模式與先進的 Source™ 技術。結合最高水準的影像、全新的音聲效果與新加入的物理法則，Counter-Strike: Source 是所有動作遊戲玩家都不能錯過的遊戲。', '1.7 GHz 處理器、512MB 記憶體、DirectX® 8.1 等級顯示卡 (需要支援 SSE)、Windows® 7 (32/64-bit)/Vista/XP/2000、滑鼠、鍵盤、網際網路連線', 'Valve', '2004-11-02', 'STG', '2017-12-02 11:46:23', ''),
('STG0000009', 'Counter Strike Global Offensive', 398, 'Counter-Strike: Global Offensive (CS: GO) will expand upon the team-based action gameplay that it pioneered when it was launched 14 years ago.\r\nCS: GO features new maps, characters, and weapons and delivers updated versions of the classic CS content (de_dust2, etc.). In addition, CS: GO will introduce new gameplay modes, matchmaking, leader boards, and more.', '作業系統: Windows® 7/Vista/XP\r\n處理器: Intel® Core™ 2 Duo E6600 or AMD Phenom™ X3 8750 processor or better\r\n記憶體: 2 GB 記憶體\r\n顯示卡: Video card must be 256 MB or more and should be a DirectX 9-compatible with support for Pixel Shader 3.0\r\nDirectX: 版本：9.0c\r\n儲存空間: 15 GB 可用空間', 'Valve', '2012-08-22', 'STG', '2017-12-02 11:45:57', ''),
('STG0000012', 'Overwatch', 1300, '《鬥陣特攻》是團隊取向的射擊遊戲，您扮演六人團隊中的一個角色。遊戲的目的是爭奪指定目標的控制權，阻止敵方團隊，取得勝利。\r\n\r\n為明日而戰\r\n\r\n軍人…科學家…冒險家…稀世怪人...\r\n一群不分國界的特種菁英，在一場全球危機中挺身而出。他們奉命結束這場戰爭，讓全世界重拾自由。他們就是：捍衛者。\r\n他們終結了這場危機，並且維持了往後數十年的和平時光，因而激發出一個充滿探索、革新和冒險的世代。多年以後，這個組織逐漸式微，最終面臨解散的命運。\r\n如今世界各地烽火再起，需要英雄挺身而出。你，加入了嗎？', '作業系統: Windows® 7 / Windows® 8 / Windows® 10 64-bit (最新 Service Pack)\r\n處理器: Intel® Core™ i3 或 AMD Phenom™ X3 8650\r\n顯示卡: NVIDIA® GeForce® GTX 460, ATI Radeon™ HD 4850, 或 Intel® HD Graphics 4400\r\n記憶體: 4 GB RAM\r\n硬碟空間: 30 GB 硬體可用空間\r\n解析度: 1024 x 768 最低解析度', 'Blizzard Entertainment', '2016-05-24', 'STG', '2017-12-02 14:04:51', ''),
('STG0000013', 'Battlefield 4', 600, '玩《戰地風雲4》享受無比的破壞快感。 在互動環境中盡情享受充滿獎勵、戰術挑戰的全面戰爭帶來的壯烈混亂場面。 摧毀掩護敵人的建築物並從砲艇後方帶頭突擊。 您可以自由地想做什麼就做什麼、想怎麼體驗就怎麼體驗，發揮您的專長並開闢屬於自己的勝利之路。 您絕對找不到第二套像這樣的遊戲。 讓自己陶醉在全面戰爭的壯烈混亂場面中。 ', '作業系統: Windows Vista SP2 32位元\r\n處理器: AMD Athlon X2 2.8 GHz or Intel Core 2 Duo 2.4 GHz\r\n記憶體: 4 GB\r\n硬碟空間: 30 GB\r\n顯示卡: Nvidia GeForce 8800 GT or AMD Radeon HD 3870\r\n顯示記憶體: 512 MB', 'Electronic Arts', '2013-10-28', 'STG', '2017-12-02 14:16:01', ''),
('STG0000017', 'Tom Clancy\'s The Division', 1399, '一場毀滅性的疫情在美國感恩節購物旺季「黑色星期五」後橫掃紐約市，全市的重要機構與基礎設施接連癱瘓、在缺乏食物和水源下整個社會很快便陷入一片混亂之中。作為社會文明的最終防線，一支秘密且可獨立運作的戰術特工部隊 —「The Division」就此啟動。你的任務是保護僅存的一切，並且重建希望。', '作業系統: Windows® 7, Windows 8.1, Windows 10 (64-bit versions only)\r\n處理器: Intel Core i5-2400 | AMD FX-6100, or better\r\n記憶體: 6 GB 記憶體\r\n顯示卡: NVIDIA GeForce GTX 560 with 2 GB VRAM (current equivalent NVIDIA GeForce GTX 760) | AMD Radeon HD 7770 with 2 GB VRAM, or better - See supported List*\r\nDirectX: 版本：11\r\n網路: 寬頻網際網路連線\r\n儲存空間: 40 GB 可用空間', 'Ubisoft', '2016-03-08', 'STG', '2017-12-02 14:17:05', ''),
('STG0000018', 'Tom Clancy\'s Rainbow Six Siege', 449, '《湯姆克蘭西之虹彩六號：圍攻行動》是廣受好評的第一人稱射擊遊戲品牌最新系列作品，由知名開發團隊 Ubisoft 蒙特婁工作室所打造。啟發自真實世界中的反恐行動，《湯姆克蘭西之虹彩六號：圍攻行動》邀請玩家主宰破壞的藝術，展開激烈的 CQC 近身距離作戰，帶來高致命性、仰賴戰術策略、充滿團隊合作及爆破場面的核心遊玩體驗；本作的多人遊戲將為過往豐富系列作當中激烈交火與戰術策略設下新的標竿。', '作業系統: Windows 7, Windows 8.1, Windows 10 (64bit versions required)\r\n處理器: Intel Core i3 560 @ 3.3 GHz or AMD Phenom II X4 945 @ 3.0 GHz\r\n記憶體: 6 GB 記憶體\r\n顯示卡: NVIDIA GeForce GTX 460 or AMD Radeon HD 5870 (DirectX-11 compliant with 1GB of VRAM)\r\n網路: 寬頻網際網路連線\r\n儲存空間: 30 GB 可用空間\r\n音效卡: DirectX® 9.0c compatible sound card with latest drivers', 'Ubisoft', '2015-12-02', 'STG', '2017-12-02 14:17:07', ''),
('STG0000037', 'HELLDIVERS', 570, 'HELLDIVERS™是一款由Magicka的製作團隊開發、使用雙操作桿遊玩的協力式射擊遊戲，極具挑戰性且耐玩度高。玩者將成為菁英部隊「絕地戰兵」的一份子，與其他玩者並肩作戰，投身銀河激戰中保護超級地球，打倒人類的敵人。\r\n\r\nHELLDIVERS™遊戲特色：\r\n・ 包括擴充內容Masters Of The Galaxy、Turning Up The Heat和Democracy Strikes Back。\r\n・ 在STEAM上可最多四人離線及線上協力遊玩。\r\n・ 隨時可向友軍開火－「一不小心」就會射死隊友。\r\n・ 在軍階中不斷往上爬，以及運用強力的軍事支援。\r\n・ 社群導向的星際大戰。\r\n・ 非單線的任務架構。\r\n・ 程序式生成的關卡－宇宙是一個浩瀚的舞台。\r\n・ 超過100小時的遊玩時間。', '作業系統: Windows Vista / Windows 7\r\n處理器: 2.4GHz Dual Core\r\n記憶體: 4 GB 記憶體\r\n顯示卡: 512 MB NVIDIA GeForce 9800 / ATI Radeon HD 2600 XT\r\nDirectX: 版本：10\r\n儲存空間: 7 GB 可用空間', 'PlayStation Mobile, Inc. ', '2015-12-07', 'STG', '2017-12-02 14:17:38', ''),
('STG0000042', 'Counter-Strike', 278, '世界第一的線上動作遊戲，重溫您中小學時的滑鼠夢！在這款廣受歡迎的團隊行遊戲中，對抗擬真度驚人的恐怖份子。與團隊成員合作完成策略性任務。攻下敵人據點。拯救人質。您的角色將左右團隊的成功。您團隊的成功將影響您的角色職務。', '500 MHz 處理器、96MB 記憶體、16MB 顯示卡、Windows 2000/XP、滑鼠、鍵盤、網際網路連線', 'Valve', '2000-11-01', 'STG', '2017-12-02 14:17:45', ''),
('STG0000086', 'Borderlands 2', 596, 'A new era of shoot and loot is about to begin. Play as one of four new vault hunters facing off against a massive new world of creatures, psychos and the evil mastermind, Handsome Jack. Make new friends, arm them with a bazillion weapons and fight alongside them in 4 player co-op on a relentless quest for revenge and redemption across the undiscovered and unpredictable living planet.', 'OS: Windows XP SP3\r\nProcessor: 2.4 GHz Dual Core Processor\r\nMemory: 2 GB(XP)/ 2 GB(Vista)\r\nHard Disk Space: 13 GB free\r\nVideo Memory: 256 MB\r\nVideo Card: NVIDIA GeForce 8500 /ATI Radeon HD 2600\r\nSound: DirectX 9.0c Compatible', '2K Games, Aspyr (Mac &amp; Linux)', '2012-09-20', 'STG', '2017-12-02 14:18:58', ''),
('STG0000099', 'Left 4 Dead 2', 468, '以僵屍末日為遊戲背景：《惡靈勢力 2》（L4D2）是 2008 年獲獎無數的第一名合作遊戲《惡靈勢力》的高度期待續作。\r\n這款恐怖的第一人稱合作射擊遊戲，將帶領您和您的朋友穿過城市、沼澤和美國南部的墓地，從沙凡那港市到紐奧良，沿途經過五章廣闊的戰役。\r\n您將從四名全新倖存者中扮演其中的一位，並裝備一系列火力強大的經典武器與升級武器。除了槍支之外，您還有機會用不同的屠殺近戰武器幹掉感染者，例如鏈鋸、斧頭，甚至致命的平底鍋。\r\n您將試著使用這些武器（或在對抗模式中）對付三種恐怖且令人敬畏的全新特殊感染者。您也會遭遇五種新的「不尋常」普通感染者，包括可怕的泥人。\r\n幫助惡靈勢力呈現手忙腳亂，豐富有趣的遊戲體驗往下一代邁進，就是人工智慧導演系統 2.0。升級版的導演系統能程序化地改變沿途天氣與您行走的路徑，還可以根據您的遊戲表現調整敵人的數量、效果和音效。《惡靈勢力 2》保證讓您每次遊戲都能有一個令人滿意，獨一無二的遊戲體驗，符合您遊戲的風格。', '作業系統: Windows® 7 32/64-bit / Vista 32/64 / XP\r\n處理器: Pentium 4 3.0GHz\r\n記憶體: 2 GB 記憶體\r\n顯示卡: Video card with 128 MB, Shader model 2.0. ATI X800, NVidia 6600 or better\r\nDirectX: 版本：9.0c\r\n儲存空間: 13 GB 可用空間\r\n音效卡: DirectX 9.0c compatible sound card', 'Valve', '2009-11-17', 'STG', '2017-12-02 14:19:20', ''),
('STG0000128', 'Sniper Ghost Warrior 2', 278, 'Sniper: Ghost Warrior 2 is the only multi-platform, first-person, modern shooter exclusively designed around the sniper experience. It takes the bulls-eye precision of its predecessor to new and exciting heights, offering more diverse sniper challenges; a rebuilt AI system and the thrilling “one shot, one kill” precision that made the original a huge hit, selling 3 million copies worldwide. Taking advantage of the advanced capabilities of the CryENGINE3, Sniper: Ghost Warrior 2 also delivers striking graphic environments.', 'OS: Windows XP, Vista or Windows 7, with the latest Service Pack\r\nProcessor: Intel Core 2 Duo at 2Ghz, or AMD Athlon 64 x2 2Ghz, or better\r\nMemory: 2GB\r\nHard Disk Space: 9Gb \r\nVideo Card:NVidia 8800GT with 512Mb RAM or better\r\n\r\nDirectX®: 9.0c\r\nSound: DirectX Compatible Sound Card', 'CI Games', '2013-03-15', 'STG', '2017-12-02 14:20:08', ''),
('STG0000129', 'Sniper Elite V2', 468, 'In the dark days of the end of World War Two amidst the ruins of Berlin, one bullet can change history…\r\n\r\nSniper Elite V2 is an award-winning and authentic World War II sniping experience. You are elite US sniper Karl Fairburne. Parachuted into Berlin amidst the Germans’ final stand, your mission is to prevent Nazi V2 rocket program technology from falling into the hands of the besieging Red Army. You must aid key scientists keen to defect to the US, and terminate those who would help the Russians.\r\n\r\nTake advantage of authentic weaponry, learn how to stalk your targets, fortify your position, set up the shot, use your skill, patience and cunning to achieve your mission. Stealth gameplay is the key as you find yourself trapped between two desperate armies in a race against time. \r\n\r\nWatch as the celebrated ‘bullet cam’ from Sniper Elite returns, bloodier and more gruesome than ever – skilful shots are rewarded with a slow-motion flight of the bullet, then targets are graphically rendered in X-Ray as the bullet enters and destroys your victim. Organs shred, bones splinter, teeth shatter, as the true impact of the sniper’s bullet is brought to life.\r\n\r\nAs World War Two ends and the Cold War begins, every shot counts. Use it wisely.', 'OS: Microsoft® Windows® Vista (Service Pack 2) or Windows® 7 or Windows® 8. Windows® XP is NOT supported.\r\nProcessor: Dual-core CPU with SSE3 (Intel® Pentium® D 3GHz / AMD Athlon™ 64 X2 4200) or better\r\nMemory: 2GB system memory\r\nHard Disk Space: 10GB of free drive space\r\nVideo Card: Microsoft® DirectX® 10.0 compatible graphics card with 256 MB of memory (NVIDIA® GeForce® 8800 series / ATI Radeon™ HD 3870) or better\r\nSound: Microsoft® DirectX® 10.0 compatible sound card or better\r\nDirectX®: Microsoft® DirectX® 11.0', 'Rebellion', '2012-05-04', 'STG', '2017-12-02 14:20:09', ''),
('STG0000130', 'Sniper Elite 4', 1248, '*** 《Sniper Elite 4》現已支援簡體中文與繁體中文！***\r\n\r\n在史上最大也最先進的第二次世界大戰射擊遊戲中，盡享無與倫比的自由狙擊。在波瀾壯闊的關卡中體驗戰術級別的第三人稱戰鬥、遊戲方式選擇，以及史詩般的長距離射擊，從法西斯主義的魔掌中讓戰爭時期的義大利得到解放。\r\n\r\n繼屢獲殊榮的前作之後，《狙擊之神 4》讓玩家在美麗的義大利半島各地行動，從陽光普照的地中海沿海城鎮，到古老的森林、山谷和巨大的納粹大型建築。\r\n\r\n身為秘密特工和菁英射手的卡爾·費爾伯恩，必須與義大利抵抗組織那些勇敢的男男女女並肩戰鬥，擊敗一個可怕的全新威脅，以免盟軍在歐洲的反擊被扼殺在搖籃之中。\r\n', '作業系統: 64-bit Windows 7, 64-bit Windows 8.1 or 64-bit Windows 10\r\n處理器: Intel CPU Core i3-2100 or AMD equivalent\r\n記憶體: 4 GB 記憶體\r\n顯示卡: AMD Radeon HD 7870 (2GB) or NVIDIA GeForce GTX 660 (2GB)', 'Rebellion', '2017-02-14', 'STG', '2017-12-02 14:20:11', ''),
('STG0000191', 'SUPERHOT', 588, 'Blurring the lines between cautious strategy and unbridled mayhem, SUPERHOT is the FPS in which time moves only when you move. No regenerating health bars. No conveniently placed ammo drops. It\'s just you, outnumbered and outgunned, grabbing the weapons of fallen enemies to shoot, slice, and maneuver through a hurricane of slow-motion bullets.\r\n\r\nWith its unique, stylized graphics SUPERHOT finally adds something new and disruptive to the FPS genre. SUPERHOT’s polished, minimalist visual language helps you concentrate on the most important - on the fluidity of gameplay and cinematic beauty of the fight.\r\n\r\nSUPERHOT features:\r\n- Endless Mode - How long can you last against unyielding waves of enemies?\r\n- Challenge Mode - Take on SUPERHOT with your bare hands, no restarts, timed runs, and more.\r\n- Replay Editor - Edit and upload your best runs for all to see on killterest.com\r\n- Extras - Delve further into SUPERHOT with mini-games, ASCII art, and [redacted].\r\n\r\nThirty months in the making. Thousands of hours put into development and design. From its humble origins in the 7 Day FPS game jam, through a hugely successful Kickstarter campaign to a plethora of awards and nominations from industry experts, SUPERHOT is a labor of love by its independent, dedicated team and thousands of backers from all around the globe.', '作業系統: Windows 7\r\n處理器: Intel Core2Quad Q6600 2,40 GHz\r\n記憶體: 4 GB 記憶體\r\n顯示卡: GeForce GTX 650 (1024 MB Ram)\r\n儲存空間: 4 GB 可用空間', 'SUPERHOT Team', '2016-02-25', 'STG', '2017-12-12 09:48:23', ''),
('STR0000003', 'Sid Meier\'s Civilization V', 895, 'The Flagship Turn-Based Strategy Game Returns\r\nBecome Ruler of the World by establishing and leading a civilization from the dawn of man into the space age: Wage war, conduct diplomacy, discover new technologies, go head-to-head with some of history\'s greatest leaders and build the most powerful empire the world has ever known.', '作業系統: Windows® Vista SP2/ Windows® 7 \r\n處理器: Intel Core 2 Duo 1.8 GHz or AMD Athlon X2 64 2.0 GHz\r\n記憶體: 2GB RAM\r\n顯示卡:256 MB ATI HD2600 XT or better, 256 MB nVidia 7900 GS or better, or Core i3 or better integrated graphics \r\nDirectX®: DirectX® version 9.0c \r\n儲存空間: 8 GB Free \r\nSound: DirectX 9.0c-compatible sound card', '2K Games', '2010-09-24', 'STR', '2017-12-02 11:46:35', ''),
('STR0000011', 'Stellaris', 868, 'Explore a vast galaxy full of wonder! Paradox Development Studio, makers of the Crusader Kings and Europa Universalis series presents Stellaris, an evolution of the grand strategy genre with space exploration at its core.\r\nFeaturing deep strategic gameplay, a rich and enormously diverse selection of alien races and emergent storytelling, Stellaris has engaging challenging gameplay that rewards interstellar exploration as you traverse, discover, interact and learn more about the multitude of species you will encounter during your travels.\r\nEtch your name across the cosmos by forging a galactic empire; colonizing remote planets and integrating alien civilizations. Will you expand through war alone or walk the path of diplomacy to achieve your goals?', '作業系統: Windows 7 x86 or newer\r\n處理器: AMD Athlon II X4 640 @ 3.0 Ghz / or Intel Core 2 Quad 9400 @ 2.66 Ghz\r\n記憶體: 2 GB 記憶體\r\n顯示卡: AMD HD 5770 / or Nvidia GTX 460, with 1024MB VRAM. Latest available WHQL drivers from both manufacturers.\r\nDirectX: 版本：9.0c\r\n網路: 寬頻網際網路連線\r\n儲存空間: 4 GB 可用空間\r\n音效卡: Direct X 9.0c- compatible sound card', 'Paradox Interactive', '2016-05-09', 'STR', '2017-12-02 11:46:45', ''),
('STR0000021', 'Age of Empire II HD', 468, '\"糟了！是世界奇觀！\"——世紀帝國II 內建快捷語音\r\n\r\n在《世紀帝國II：高畫質版》中，原版和新版的粉絲都會愛上這款經典巨作。探索來自《帝王時代》和《征服者》資料片的所有原版單人戰役，從18個跨越千年歷史的文明中進行選擇，並在網上向其他玩家挑戰，爭奪霸主地位。', '作業系統：Windows Vista, 7, 8 Pro+\r\n處理器：1.2GHZ CPU\r\n記憶體：1 GB RAM\r\n顯示卡：相容 Direct X 9.0c 的顯示晶片\r\nDirectX® 版本：9.0c\r\n硬碟空間：2 GB 可用硬碟空間', ' Microsoft Studios ', '2013-04-10', 'STR', '2017-12-02 14:17:12', ''),
('STR0000022', 'Age of Empire III Complete Collection', 868, 'Immerse yourself in the award-winning strategy experience. Microsoft Studios brings you three epic Age of Empires III games in one monumental collection for the first time. Command mighty European powers looking to explore new lands in the New World; or jump eastward to Asia and determine the outcome of its struggles for power.', '作業系統: Windows XP\r\n處理器: Intel Core 2 Duo 2.2 GHz or AMD Athlon 64 X2 2.0 GHz\r\n記憶體: 2 GB RAM\r\n顯示卡: 64 MB NVIDIA GeForce 6800 or ATI Radeon X1300\r\nDirectX®: dx90c\r\n儲存空間: 12 GB HD space', ' Microsoft Studios ', '2009-09-15', 'STR', '2017-12-02 14:17:13', ''),
('STR0000061', 'Total War SHOGUN 2', 688, '《全軍破敵：幕府將軍2》是於2011年由The Creative Assembly開發，並由Sega發行的遊戲，屬全面戰爭系列的一部分，背景設定在16世紀的日本戰國時代。該遊戲是全軍破敵：幕府將軍的續作。\r\n\r\n　　Total War系列第七代作品，這代作品首度強調多人連線模式，最多支援8人連線，玩家可以使用自訂義的人物、自訂義的勢力，每個玩家的人物形象都是不同的，且在網戰上所獲得的經驗值，可以為自己的角色升級，單人遊戲模式則提供了十個勢力使用：毛利、武田、織田、北條、島津、伊達、上杉、服部、德川、長宗我部，每一方都有自己的優勢以及劣勢，有些勢力孤懸海外，有些勢力則大小戰爭不斷，靠著家族武士維持局面，玩家則扮演一方勢力的大名，透過戰爭、外交、暗殺等逐步的統一日本。', 'OS: Windows 7 / Vista / XP\r\nProcessor: 2 GHz Intel Dual Core processor / 2.6 GHz Intel Single Core processor, or AMD equivalent (with SSE2)\r\nMemory: 1GB RAM (XP), 2GB RAM (Vista / Windows7) \r\nGraphics: 256 MB DirectX 9.0c compatible card (shader model 3) \r\nDirectX®: DirectX 9.0c\r\nHard Drive: 32GB free hard disk space\r\nScreen Resolution: 1024x768 minimum', 'SEGA', '2011-03-15', 'STR', '2017-12-02 14:18:16', ''),
('STR0000063', 'ROMANCE OF THE THREE KINGDOMS XIII (三國志13)', 1980, '系列30週年紀念作品『三國志13』，是一部以「這就是三國志。百花繚亂的英雄劇」為理念製作，可體驗英雄豪傑們活躍於各種場面的遊戲。\r\n本作中可看見英雄們多彩的生存之道，以及在戰場上形成的羈絆，是藉由所有武將皆可操控描繪出的”人情劇“。水師會戰及攻城戰等戰略、戰鬥場面，皆是規模令人嘆為觀止的“壯烈”戰鬥。本遊戲以遼闊的中國大陸為舞台，眾多英雄人物都以擴大己方勢力為目標，營造出前所未有的“動感”，讓玩家們更能深刻感受「三國志」的世界觀。\r\n玩家們將成為活躍於「三國志」時代的英雄豪傑之一，以歷史主人公的身份編織屬於自己的故事。', '作業系統: Windows® 10, Windows® 8.1, Windows® 7, Windows Vista®\r\n處理器: Pentium®4 1.6GHz or over\r\n記憶體: 1 GB 記憶體\r\n顯示卡: 1024×768 over or 1280×720 over display\r\nDirectX: 版本：9.0c\r\n網路: 寬頻網際網路連線\r\n儲存空間: 7 GB 可用空間\r\n音效卡: 16 bit stereo, 48KHz WAVE file can be played\r\n備註: Shader model: Version 3.0, VRAM: 256MB over', 'KOEI TECMO GAMES CO., LTD.', '2016-01-27', 'STR', '2017-12-02 14:18:20', ''),
('STR0000064', 'Rise of Nations Extended Edition', 468, 'Rise of Nations is a real-time strategy game that spans all history. \r\nStart with a single city in the Ancient Age; gather resources; build an infrastructure; research technologies; construct Wonders of the World such as the Pyramids and the Eiffel Tower; and expand your military might across the world, conquering hostile nations with bombers, battleships, and tanks—all over your lunch hour! ', '作業系統: Windows Vista, 7, 8.1+\r\n處理器: 1.6\r\n記憶體: 1 GB 記憶體\r\n顯示卡: Direct X 10+ Capable GPU\r\nDirectX: 版本：10\r\n儲存空間: 3 GB 可用空間\r\n音效卡: Direct X Compatible Sound Card', 'Microsoft Studios', '2014-06-13', 'STR', '2017-12-02 14:18:21', ''),
('STR0000065', 'Total War™ ROME II - Emperor Edition', 1248, 'About Total War: ROME II - Emperor Edition:\r\n\r\nEmperor Edition is the definitive edition of ROME II, featuring an improved politics system, overhauled building chains, rebalanced battles and improved visuals in both campaign and battle. \r\n\r\nIn addition, Emperor Edition includes all content and feature updates made available for ROME II since its launch in September 2013. These include Twitch.TV integration, touchscreen controls, new playable factions and units, and Mac compatibility.\r\nThe Imperator Augustus Campaign Pack and all Emperor Edition content and features are free, via automatic update, to all existing ROME II owners.', 'OS: XP/ Vista / Windows 7 / Windows 8\r\nProcessor:2 GHz Intel Dual Core processor / 2.6 GHz Intel Single Core processor\r\nMemory:2GB RAM \r\nGraphics:512 MB DirectX 9.0c compatible card (shader model 3, vertex texture fetch support). \r\nDirectX®:9.0c\r\nHard Drive:35 GB HD space', 'SEGA', '2013-09-02', 'STR', '2017-12-02 14:18:23', ''),
('STR0000090', 'Plague Inc Evolved', 398, 'Plague Inc: Evolved 獨到地將高策略性及驚人寫實的模擬兩者合而為一。您的病原體剛才感染了「零號病人」，現在您必須演化出致命的全球規模瘟疫，同時面對人類為了自我防禦所做的一切措施加以因應調適，讓人類歷史劃下句點。 \r\n\r\nPlague Inc. 極其逼真，甚至連 CDC 都曾經邀請開發人員，當面討論遊戲中的感染模式！http://blogs.cdc.gov/publichealthmatters/2013/04/plague-inc/\r\n\r\n目前已有超過 6500 萬名玩家受到 Plague Inc. 感染，接下來 Plague Inc: Evolved 更將飽受讚譽的原創遊戲體驗結合以個人電腦的重大全新特色，包括多人遊戲、支援使用者所產生的內容、提升圖形和其他許多效果，不一而足。 ', '作業系統: Windows 8\r\n處理器: 2.0 GHz Dual Core Processor\r\n記憶體: 1 GB 記憶體\r\n顯示卡: Integrated Graphics (512MB)\r\n儲存空間: 500 MB 可用空間\r\n備註: Unsupported video chipsets: Intel HD Graphics 3000, Intel GMA X3100, Intel GMA 950', 'Ndemic Creations', '2016-02-19', 'STR', '2017-12-02 14:19:05', ''),
('STR0000093', 'Squad', 868, '《戰術小隊》是一款通過戰術交流與配合來描繪真實戰場體驗，同時強調小隊維系機制、大規模協同、戰術與規劃的百人同場第一人稱射擊類遊戲。遊戲主要玩點含納了廣闊的作戰地圖、圍繞載具開展的聯合作戰行動，以及可讓玩家自行搭建的前線基地，再結合多小隊戰術協同和風雲莫測的戰局，營造出扣人心弦的遊戲體驗。', '作業系統: Windows 7 SP1 (x64)\r\n處理器: Intel Core i5-2500K CPU\r\n記憶體: 8 GB 記憶體\r\n顯示卡: Geforce GTX 770 or AMD Radeon HD 7870\r\nDirectX: 版本：11\r\n網路: 寬頻網際網路連線\r\n儲存空間: 35 GB 可用空間\r\n備註: A teamwork oriented mindset', 'Offworld Industries', '2015-12-15', 'STR', '2017-12-02 14:19:10', ''),
('STR0000096', 'XCOM 2', 1790, '《XCOM 2》是獲得2012年度最佳遊戲殊榮的金獎策略遊戲《XCOM：未知敵人》的續作。\r\n\r\n地球已起了變化。自世界領袖們向外星勢力無條件投降後，已過了二十年的時間，而號稱是地球最後防線的XCOM，早遭到趕盡殺絕且煙消雲散。現在，統治著地球的外星人，建立起一座又一座華麗耀眼的城市。表面上，外星人許給人類一個光明的未來，暗地裡，卻醞釀著邪惡的陰謀，並且肅清那些反抗新秩序的傢伙。\r\n\r\n只有住在世界邊緣的人們才能享受到一絲絲的自由。在那裡，一股保護人類的勢力再度凝聚起來。無時無刻不在逃命的XCOM殘黨必須設法浴火重生，去揭發外星人佔領地球背後的險惡真相，並且一勞永逸地剷除外星人的威脅。,\r\n亡命的XCOM：復仇者號（Avenger）是一艘由外星補給船改造成的XCOM機動總部，現在交給您來指揮。調度世界各地的攻擊部隊，獲取民眾支持，並且揭發外星人的邪惡計畫。\r\n招募反抗鬥士：五個兵種皆有其專屬的技能樹，包括「氣勢」（Momentum）之類的新兵種能力，讓您依照自己的戰術計畫創造出特有士兵。\r\n戰術游擊戰：新的遊戲系統替戰鬥帶來了更多戰術彈性。世界的情勢會左右每個戰鬥任務的環境。運用隱匿手段伏擊敵人巡邏隊。從敵人那裡奪取珍貴的裝備和製品。營救重要人士及拯救倒地同伴，並將他們帶到撤離點。\r\n新品種敵人：從強大的外星新物種到外星執政者ADVENT，造就了種類繁多的敵人，並帶來獨特的戰術挑戰。\r\n研究、發展與升級：在復仇者號上配置各種艙室，賦予XCOM各種戰場上的新能力。依照您偏好使用的戰術，讓科學家、工程師去研究、發展與升級適合的武器和護甲。\r\n每個任務都是獨特挑戰：到世界各地執行任務，您有可能涉足荒野，深入外星人控制的巨大城市的心臟地帶，或是直搗外星人設施的深處。遊戲實際上提供了無窮盡的地圖、任務和目標組合。\r\n創造自訂模組：專為社群玩家規劃的工具可讓您創造屬於自己的戰役、戰術遊戲內容、外星人、兵種、策略遊戲功能，並透過Steam工作坊來與他人分享。\r\n投入多人激戰：混編由人類和外星人組成的隊伍，然後在隨機產生的地圖上捉對廝殺。\r\n目前玩家數量', '作業系統: Windows® 7, 64-bit\r\n處理器: Intel Core 2 Duo E4700 2.6 GHz or AMD Phenom 9950 Quad Core 2.6 GHz\r\n記憶體: 4 GB 記憶體\r\n顯示卡: 1GB ATI Radeon HD 5770, 1GB NVIDIA GeForce GTX 460 or better\r\nDirectX: 版本：11\r\n儲存空間: 45 GB 可用空間\r\n音效卡: DirectX compatible sound card\r\n備註: Initial installation requires one-time Internet connection for Steam authentication; software installations required (included with the game) include Steam Client, Microsoft Visual C++2012 and 2013 Runtime Libraries and Microsoft DirectX.', '2K, Feral Interactive (Mac), Feral', '2016-02-05', 'STR', '2017-12-02 14:19:15', ''),
('STR0000104', 'Darkest Dungeon', 588, '《Darkest Dungeon》一款關於冒險的心理壓力，且極具挑戰性的哥德風回合制類rogue角色扮演遊戲。\r\n\r\n招募、訓練並率領一支不完美的英雄團隊，穿過詭異的森林、被遺忘的大雜院、已成廢墟的地牢，以及更遠更遠。你不只要對抗無法想像的敵人，還有壓力、飢荒、疾病與進逼的黑暗。揭開奇怪的謎團，並利用創新的戰略回合制戰鬥系統讓英雄對抗一系列可怕的怪物。\r\n\r\n3種遊戲模式及超過80小時的遊戲過程\r\n遊戲模組的Steam Workshop整合\r\n痛苦系統：戰鬥不只有怪物，還有壓力！面對妄想症、被虐待狂、恐懼、非理性，以及一大堆使遊戲過程更有意義的怪癖！\r\n鮮明的手繪哥德風鴉羽筆觸藝術風格\r\n創新的回合制戰鬥能讓你對抗一大堆陰險惡毒的怪物\r\n敘事系統能慶祝你的成功...與失敗\r\n15種（持續新增！）可玩的英雄類別，包括瘟疫醫生、壞蛋，甚至是痲瘋患者！\r\n紮營即可治癒傷口，或進行一場鼓舞人心的演講也行。\r\n讓你疲倦且嚇昏頭的角色在鎮上的酒館或修道院休息，以持續抑制他們的壓力。\r\n經典的電腦角色扮演遊戲與類rogue特色功能，包括角色永久性死亡、隨進度漸進的地牢與不可思議的重玩功能\r\n\r\n你能阻止這波駭人的恐怖席捲至你的家族祖產嗎？\r\n\r\n一切後果自負！\r\n獲獎與榮譽\r\nPG Gamer：2016年最佳角色扮演遊戲\r\nGame Informer：2016年最佳角色扮演遊戲3項大獎\r\nIGN：2016年最佳遊戲2項提名\r\nIGF 2016：3項提名\r\nRock Paper Shotgun：史上最佳前50名角色扮演遊戲\r\nPAX 10：2015\r\nGame Debate 2016年最佳獨立遊戲\r\nSXSW 2015年玩家票選被提名\r\nMMORPG：最佳獨立角色扮演遊戲（Pax East 2014）、PAX Prime 2014年最佳角色扮演遊戲提名\r\nIndie Megabooth Selection：PAX East 2014、PAX Prime 2015', '作業系統: Windows XP\r\n記憶體: 2 GB 記憶體\r\n顯示卡: Open GL 3.2+ Compliant\r\n儲存空間: 2 GB 可用空間\r\n備註: 1080p, 16:9 recommended', 'Red Hook Studios', '2016-01-19', 'STR', '2017-12-02 14:19:28', ''),
('STR0000112', 'Valkyria Chronicles™', 468, 'The critically acclaimed RPG Valkyria Chronicles invades PC in 1080p True HD!\r\nAll previously released DLC included\r\n\r\nSet in a fictitious continent reminiscent of the 1930s, Valkyria Chronicles depicts Europa, divided and ruled by two super powers: the Empire and the Federation. The Empire has set its sights on invading the principality Gallia, which shares its borders with the two superpowers, in an attempt to secure an invaluable natural resource, Ragnite. Within this struggle a hero named Welkin, and his fellow soldiers of the Gallian Militia, ‘Squad 7’ are fighting back against the invasion and the Empire’s attempts to unify the continent under its power. \r\n\r\nDuring the ensuing war, Squad 7 discovers that the Empire possesses a secret weapon, known as the “Valkyrur” – an ancient race with special powers thought to exist only in legends. With this new discovery, the fate of Gallia’s ability to defeat the Empire and save the lives of the Gallian citizens… \r\n\r\n“CANVAS” graphics engine: A unique engine that produces breath taking images that look like watercolour paintings in motion.\r\n“BLiTZ” tactical battle system: Experience strategic maneuvering of units combined with conventional RPG gameplay, all layered on top of the moment to moment action afforded by real-time controls as players command each squad member and tank in battle.\r\nEpic storyline: Players will immerse themselves in the epic struggle for freedom, as the fate of the world lies in the hands of Welkin and the members of the 7th platoon.\r\nCustomisation: Over 100 customisable characters allow players to create a variety of platoons to suit each battle’s needs.\r\nBeautifully rendered battlefields: Players explore 30 different environments, using unique terrain features to gain advantages in battle.\r\n\r\nAdditionally this brand new PC digital version comes bundled with all previously released DLC, including: \r\n\r\nHard EX Mode (harder versions of skirmish missions in the main game)\r\nEdy’s Mission “Enter the Edy Detachment” (a side story campaign)\r\nSelvaria’s Mission “Behind Her Blue Flame” (a side story campaign)\r\nChallenge of the Edy Detachment (six challenge missions)', '作業系統: Windows Vista/Windows 7\r\n處理器: Intel Core2 Duo @ 2.0GHz (or equivalent)\r\n記憶體: 2 GB 記憶體\r\n顯示卡: NVIDIA GeForce GTS 240 (or equivalent)\r\n儲存空間: 25 GB 可用空間', 'SEGA', '2014-11-11', 'STR', '2017-12-02 14:19:42', ''),
('STR0000119', 'Koi-Koi Japan', 278, '\"Hanafuda\" is a traditional Japanese card game. Now you can enjoy \"Koi Koi,\" its most well-known variation, in a purely Japanese milieu with elegant and refined graphics. Online Multiplayer!!\r\n', '作業系統: Windows 7/8/8.1\r\n處理器: 2Ghz\r\n記憶體: 2 GB 記憶體\r\n顯示卡: DirectX compatible card\r\nDirectX: 版本：11\r\n網路: 寬頻網際網路連線\r\n儲存空間: 500 MB 可用空間\r\n音效卡: DirectX-compatible sound', 'Zoo Corporation ', '2015-04-27', 'STR', '2017-12-02 14:19:53', '');
INSERT INTO `product` (`PID`, `Product_Name`, `Price`, `Product_Description`, `System_Requirement`, `Supplier`, `Launch_Date`, `Category`, `Modified_Time`, `Pic_Url`) VALUES
('STR0000120', 'Red Alert 2', 278, '《終極動員令：紅色警戒2》，是一款於1996年由西木太平洋製作，美商藝電發行的2.5D實時即時戰略遊戲。本遊戲於2000年10月23日在Windows發行，是《終極動員令：紅色警戒》系列的正統續作。\r\n史達林死後，美國扶植洛馬諾夫為傀儡蘇聯總理。但是洛馬諾夫趁墨西哥民眾引發暴動時，傾全國之兵攻擊美國。美國總統杜根得知此事後，撥通了洛馬諾夫的專線，卻被他冷嘲熱諷一番。杜根授權卡維利將軍使用戰略核導彈向蘇聯還擊。在導彈已經點火之際，尤里心靈控制了美國導彈控制台的技術人員，阻止了發射井的開啟，致使導彈在井中爆炸。喪失了戰略打擊能力的美國，完全向蘇聯軍隊敞開了大門。龐大的基洛夫飛艇將紐約曼哈頓島籠罩在陰影之中，威昂的無畏級戰艦將導彈射向高聳的摩天大樓，天啟坦克壓碎了「文明駕駛」的路牌，挺進了德州。而美國的象徵——自由女神像，早已被蘇軍的無畏級戰艦打掉了頭顱,而整個美國也因此陷入了風雨飄搖之中...', '作業系統: Windows 95, 98, NT 6.0, 2000, or Millennium\r\n處理器: Pentium II 266 or better\r\n記憶體: 64 MB\r\n視訊記憶體: 2 MB of Video RAM\r\n色彩位元: 16 bit color\r\n音效卡: Direct Sound Compliant Sound Card\r\n儲存空間: 200 MB of additional hard drive space\r\n備註: 3D Hardware acceleration (optional)', 'Electronic Arts', '2000-10-21', 'STR', '2017-12-02 14:19:55', ''),
('STR0000127', 'Carcassonne - Tiles & Tactics', 278, 'The official adaptation of the famous board game Carcassonne! A modern classic tile-placement game based on the award wining game in which the players draw and place a tile with a piece of southern French landscape on it. The player can then decide to place one of his followers, so called Meeples.', '作業系統: Windows 7\r\n處理器: Dual Core 3.0 GHz\r\n記憶體: 2 GB 記憶體\r\n顯示卡: DirectX 10 class GPU with 1024MB VRAM\r\nDirectX: 版本：10\r\n儲存空間: 2 GB 可用空間\r\n音效卡: Integrated sound card', 'Asmodee Digital', '2017-11-29', 'STR', '2017-12-02 14:20:06', ''),
('STR0000164', 'War for the Overworld', 438, '對入侵地下城感到煩厭了嗎？是時候建立你的了！地下城爭奪戰是一個地下城管理遊戲，包含了你最喜歡的RTS和神模式題材。', '作業系統: Windows 7 , Windows 8 , Windows 10\r\n處理器: Dual Core CPU @ 2.5GHz\r\n記憶體: 4GB RAM\r\n圖形: Nvidia GT450 series with 512MB RAM or better, ATI 4870HD with 512MB RAM or better\r\nG3D Mark: 1500\r\n儲存空間: 需要7GB可用空間 (將來可能需要增加)\r\n聲音: 喇叭或耳機', 'Brightrock Games', '2015-04-03', 'STR', '2017-12-04 17:13:06', ''),
('STR0000168', 'Sid Meier\'s Civilization® III Complete', 149, 'Sid Meier\'s Civilization III: Complete 是 Sid Meier 的文明帝國三系列最新作，不但帶來 Sid Meier\'s Civilization III，令人上癮的探索之旅，還加上更新更加強的多人連線資料片 Sid Meier\'s Civilization III: Play the World，以及 Sid Meier\'s Civilization III: Conquests 裡所有的全新文明、劇本和遊戲內容！ Sid Meier\'s Civilization III: Complete 一口氣給您更多探索樂趣、更多策略規劃、更多遊戲模式，與更多的勝利方式！', '建議：Windows® 98/Me/2000/XP，Pentium® II 400 MHz，128 MB RAM，1.7 GB 可用硬碟空間，Windows® 98/Me/2000/XP 相容顯示卡*，Windows® 98/Me/2000/XP 相容音效卡*，DirectX® 9.0b 版 (隨附) 或更新版本* 表示裝置應相容於 DirectX® 9.0b 版或更新版本。', '2K Games', '2001-10-30', 'STR', '2017-12-04 17:36:46', ''),
('STR0000169', 'Sid Meier\'s Civilization IV', 596, 'Sid Meier 的 Civilization (文明帝國) 系列在全球已售出逾六百萬套，並獲各地支持者與媒體好評，被視為是史上最經典的電腦遊戲系列之一。 現在，Sid Meier 與 Firaxis Games 更把這一款引人入迷的有趣遊戲帶往另一高峰，加入新的遊戲方式，新的勝敗條件，新的工具來管理擴張您的文明，並用全新的方法，讓自訂遊戲更簡單，多人模式更有趣，選項更多。 Civilization IV 有細緻的畫面，彷彿活著的 3D 世界，把遊戲體驗提升至全新的境界。 Civilization IV 已受玩家讚為 2005 年十大遊戲，是全球玩家都一定要擁有的遊戲！\r\n\r\n*Online Multiplayer to be suspended as of May 31st 2014, LAN mode still supported. Mac version\'s Online Multiplayer no longer supported.', '最低：Windows 2000/XP，1.2GHz Intel Pentium 4 或 AMD Athlon 處理器或同等級，256MB RAM，配備硬體 T&L 能力的 64MB 顯示卡 (GeForce 2/Radeon 7500 或更高等級) DirectX7 相容音效卡，1.7GB 可用硬碟空間，DirectX 9.0c (隨附)', '2K Games', '2005-10-25', 'STR', '2017-12-04 17:36:46', ''),
('STR0000170', 'Sid Meier\'s Civilization IV- Colonization', 596, 'Sid Meier\'s Civilization IV: Colonization is the third offering in the award winning Civilization IV series. A re-imagining of the classic Colonization game Sid Meier created in 1994, Sid Meier\'s Civilization IV: Colonization is a total conversion of the Civilization IV engine into a game experience in which players will lead a European nation on their quest to colonize and thrive in the New World. Players will be challenged to guide their people from the oppressive motherland, discover a New World, negotiate, trade and fight as they acquire great power and battle for their freedom and independence.\r\nClassic Game Design Rebuilt for the Modern Era: Usher forth a new generation of Sid Meier\'s Colonization gameplay built on the award-winning Civilization IV engine, providing the beautiful visuals, famously addictive gameplay and endless fun that are synonymous with Sid Meier strategy games.\r\nFight the Homeland and Establish a New Nation: Play as the English, Spanish, French or the Dutch and journey to a brave new world in search of freedom from your oppressive homeland.\r\nImproved Diplomacy: Sustain peace and support your followers as you engage in advanced negotiations with natives, other colonists and the hostile homeland - Trade resources, gold and land as you build the foundation for a self-sufficient and powerful colony.\r\nHistorical Figures Provide Adaptive Gameplay: Acquire founding fathers such as John Smith, Patrick Henry and Samuel Adams who will help guide your nation to freedom based on your gameplay style.\r\nBrand New Interface: Both Civilization IV fans and players new to the series will feel right at home with an interface that Firaxis has built to be accessible and easy to navigate.\r\nMultiplayer Offers Endless Replay Value: Compete with friends from all over the world via the Internet and Play by Email modes or compete locally via the Hotseat and LAN modes, offering endless ways to conquer the New World.\r\nMods & Community Tools: Players will have limitless options for modifying the game to suit their needs. Firaxis will ship the game with modding tools including a map editor using XML and Python.', 'Supported OS: Windows® 2000/XP/Vista\r\nProcessor: 1.2 GHz Intel Pentium 4 or AMD Athlon processor or equivalent\r\nMemory: 512 MB RAM\r\nVideo: DirectX 9.0c-compatible 64 MB video card with Shader 1.1 Support or better\r\nDirectX® Version: Sid Meier\'s Civilization IV: Colonization DirectX(r) version (included on install)\r\nSound: DirectX 9.0 compliant sound card \r\nHard Drive: 900 MB', '2K Games', '2008-09-23', 'STR', '2017-12-04 17:39:58', ''),
('STR0000171', 'Sid Meier\'s Civilization- Beyond Earth', 1193, '《文明帝國：Beyond Earth》是金獎《文明帝國》系列採取科幻主題的作品。時空設定在未來，撼動世界的重大事件導致現代社會分崩離析，造就了新世界秩序，並讓人類面臨不確定的未來。人類亟欲力圖振作，重新開發的國家把資源集中在外太空旅行上，替人類謀求嶄新開始。\r\n\r\n您參與了尋找地球以外第二個家的遠征軍，將帶領您的人民前往新領域，建立太空新文明，並替人類寫下新的一頁。探索及殖民外星球、研究新科技、集結強大軍隊、建造驚人奇觀，以及塑造您的新世界面貌。在您展開旅程的同時，您必須做各種重大抉擇。包括選擇贊助者、架構您的殖民地，乃至於您替您文明選擇的終極路線，每一個抉擇都將開啟新的可能性。\r\n特色\r\n埋下冒險種子：從八個不同遠征贊助者中選擇其一，建立您的文化認同，每個贊助者各自擁有領袖及獨特遊戲益處。透過一系列抵達外星球後直接埋下起始條件種子的選擇，組裝您的太空船、貨物與殖民者，創建您的遠征軍。\r\n殖民外星世界：在充滿危險地形、謎樣資源和與地球上截然不同的敵對生命型態的新星球上，探究可能的危險與利益。建立前哨站、發掘古老外星遺跡、馴服新生命型態、發展繁榮城市，以及制定貿易路線替您的人民創造富足生活。 \r\n科技網：為了反映出邁向不確定未來的進程，將透過一系列非線性且會影響人類發展的選擇來造就科技進步。科技網是根據三個廣泛主題做安排，各主題皆有顯著不同的勝利條件。\r\n軌道層：建造及佈署先進的軍事、經濟和科學衛星，從軌道上提供策略性的攻擊、防禦及支援能力。\r\n部隊客製化：透過科技網解鎖不同升級，客製化您的部隊反映出您的遊戲風格。 \r\n多人遊戲：最多可讓8名玩家爭奪新外星世界的霸權。\r\n模組支援：健全的模組支援讓您客製化及擴展您的遊戲體驗。', '作業系統: Windows® Vista SP2/ Windows® 7\r\n處理器: Intel Core 2 Duo 1.8 GHz or AMD Athlon X2 64 2.0 GHz\r\n記憶體: 2 GB 記憶體\r\n顯示卡: 256 MB ATI HD3650 or better, 256 MB nVidia 8800 GT or better, or Intel HD 3000 or better integrated graphics\r\nDirectX: 版本：11\r\n儲存空間: 8 GB 可用空間\r\n音效卡: DirectX 9.0c‐compatible sound card\r\n備註: Other Requirements: Initial installation requires one-time Internet connection for Steam authentication; software installations required (included with the game) include Steam Client, Microsoft Visual C++2012 Runtime Libraries and Microsoft DirectX.', '2K Games, Aspyr (Mac, Linux)', '2014-10-24', 'STR', '2017-12-04 17:39:58', ''),
('STR0000172', 'Sid Meier\'s Civilization VI', 1790, '《文明帝国VI》提供了多种新方式让您与世界互动、在地图上扩张城市、发展文明，以及对抗历史上的伟大领袖，以建立起经得起时间考验的强盛文明。共有20位史上著名的领袖任君挑选，包括秦始皇。', '作業系統: Windows 7x64 / Windows 8.1x64 / Windows 10x64\r\n處理器: Intel Core i3 2.5 Ghz or AMD Phenom II 2.6 Ghz or greater\r\n記憶體: 4 GB 記憶體\r\n顯示卡: 1 GB & AMD 5570 or nVidia 450\r\nDirectX: 版本：11\r\n儲存空間: 12 GB 可用空間\r\n音效卡: DirectX Compatible Sound Device\r\n備註: Initial installation requires one-time Internet connection for Steam authentication; software installations required (included with the game) include Steam Client, Microsoft Visual C++ 2012 and 2015 Runtime Libraries, and Microsoft DirectX. Internet connection and acceptance of Steam™ Subscriber Agreement required for activation. See www.steampowered.com/agreement for details.', '2K Games, Aspyr (Mac, Linux)', '2016-10-21', 'STR', '2017-12-04 17:41:37', ''),
('STR0000185', 'Dominions 5 - Warriors of the Faith', 568, 'In Dominions 5 you take control of a powerful being that rules a nation and aspires to godhood. The type of Pretender Gods can vary from magically powerful arch mages to huge titans or large monuments. Dominions is a deep 4x turn based strategy game with a very large variety of spells and units.', '作業系統: Windows XP or later\r\n處理器: 1 GHz\r\n記憶體: 2 GB 記憶體\r\n儲存空間: 750 MB 可用空間', 'Illwinter Game Design', '2017-11-27', 'STR', '2017-12-04 18:50:50', ''),
('STR0000186', 'Dominions 4 - Thrones of Ascension', 778, 'You are a God! You are master and ruler of a loyal nation. You have unimaginable powers at your disposal. You have claimed this world as yours. But there are others who stand in your way. You must defeat and destroy these pretenders. Only then can you ascend to godhood and become the new Pantokrator.\r\n\r\nIn Dominions you take control of a powerful being that rules a nation and aspires to godhood. The type of Pretender Gods can vary from magically powerful arch mages to huge titans or large monuments. The pretender gods have different strengths dependent on what kind of god you choose and what nation you play.\r\n\r\nWhen you start the game you decide what kind of god you are and how your Dominion affects your lands and followers. It is an expression of your divine might and the faith of your followers. If your dominion dies, so do you. Your dominion also inspires your sacred warriors and gives them powers derived from your dominion.\r\n\r\nIn order to win and become the one true god you have to defeat your enemies one of three different ways: conquer their lands, extinguish their dominion or claim the Thrones of Ascension.\r\n\r\nIn Dominions 4 you can also play team games where one of the players take the role of supreme god, and the other members of the team are his servants and loyal subjects. The lesser gods rule their nations, but you all share the dominion of the supreme god.\r\n\r\nDominions is set in a fantasy world that draws inspiration from historical nations, cultures and myths. You will not encounter the elves of conventional fantasy in this game. Instead you might lead a nation of vanir from old norse myth. Aztecs, romans, israelites, greeks, shona and kievian rus are just a few of the inspirational sources of the game.\r\n\r\nThe first Dominions game was released in 2002 and was well received by strategy gamers. Since then Dominions has been much refined and Dominions series is still actively played making it one of the longest running 4x turn based strategy games.\r\n\r\nDominions 4 is also a highly moddable game. You can create your own monsters, spells and entire nations. Since Dominions 3 there has been a vivid modding community and Dominions 4 will enhance this capability even further.', '作業系統: Windows XP/Vista/7\r\n處理器: 1 GHz\r\n記憶體: 1024 MB 記憶體\r\n儲存空間: 500 MB 可用空間', 'Illwinter Game Design', '2013-12-06', 'STR', '2017-12-04 18:53:07', ''),
('STR0000187', 'Dominions 3 - The Awakening', 468, 'The Old God has left the world and the pretenders are awakening and coming out from hiding. You start the game by designing one of the pretender gods that will compete for true ascension to godhood. The type of god can range from a magically powerful arch mage to an ancient kraken or a mystic monolith that people pray to.\r\n\r\nDominions 3 is a turn based strategy game taking place in a fantasy world with world altering magic rituals and horrors capable of destroying nations.\r\n\r\nA large variety of spells, monsters and special abilities is something this game definitely has. There are more than 60 different nations, 1500 different units, 600 spells and 300 magic items in the game. The game also features a medieval musical score by Erik Ask Uppmark and Anna Rynefors, both awarded the title of Musicians of the Realm by the Swedish Zornmärkeskommiten. Dominions 3 is a highly detailed game and a 300 page pdf manual is included in the download.', '作業系統: Windows XP/Vista/7\r\n處理器: 1 GHz\r\n記憶體: 512 MB 記憶體\r\n顯示卡: OpenGL capable graphics card\r\n儲存空間: 350 MB 可用空間', 'Illwinter Game Design', '2013-09-11', 'STR', '2017-12-04 18:53:07', '');

-- --------------------------------------------------------

--
-- 資料表結構 `sessions`
--

CREATE TABLE `sessions` (
  `session_id` varchar(255) COLLATE utf8_unicode_ci NOT NULL,
  `expires` float NOT NULL,
  `data` varchar(255) COLLATE utf8_unicode_ci NOT NULL
) ENGINE=InnoDB DEFAULT CHARSET=utf8 COLLATE=utf8_unicode_ci;

--
-- 已匯出資料表的索引
--

--
-- 資料表索引 `category`
--
ALTER TABLE `category`
  ADD PRIMARY KEY (`CAID`);

--
-- 資料表索引 `comment`
--
ALTER TABLE `comment`
  ADD PRIMARY KEY (`COID`),
  ADD KEY `Customer` (`Customer`),
  ADD KEY `Pro` (`Product`);

--
-- 資料表索引 `event`
--
ALTER TABLE `event`
  ADD PRIMARY KEY (`EID`),
  ADD KEY `cat` (`Target`);

--
-- 資料表索引 `member`
--
ALTER TABLE `member`
  ADD PRIMARY KEY (`CID`);

--
-- 資料表索引 `order_content`
--
ALTER TABLE `order_content`
  ADD PRIMARY KEY (`OCID`),
  ADD KEY `Order_Main` (`Order_Number`),
  ADD KEY `Product` (`Item`);

--
-- 資料表索引 `order_main`
--
ALTER TABLE `order_main`
  ADD PRIMARY KEY (`OID`),
  ADD KEY `Custcomer` (`Customer`);

--
-- 資料表索引 `product`
--
ALTER TABLE `product`
  ADD PRIMARY KEY (`PID`),
  ADD UNIQUE KEY `Product_Name` (`Product_Name`),
  ADD KEY `catagory` (`Category`);

--
-- 在匯出的資料表使用 AUTO_INCREMENT
--

--
-- 使用資料表 AUTO_INCREMENT `comment`
--
ALTER TABLE `comment`
  MODIFY `COID` int(10) UNSIGNED ZEROFILL NOT NULL AUTO_INCREMENT, AUTO_INCREMENT=7;

--
-- 使用資料表 AUTO_INCREMENT `event`
--
ALTER TABLE `event`
  MODIFY `EID` int(10) UNSIGNED ZEROFILL NOT NULL AUTO_INCREMENT, AUTO_INCREMENT=35;

--
-- 使用資料表 AUTO_INCREMENT `order_content`
--
ALTER TABLE `order_content`
  MODIFY `OCID` int(10) UNSIGNED ZEROFILL NOT NULL AUTO_INCREMENT, AUTO_INCREMENT=155;

--
-- 使用資料表 AUTO_INCREMENT `order_main`
--
ALTER TABLE `order_main`
  MODIFY `OID` int(10) UNSIGNED ZEROFILL NOT NULL AUTO_INCREMENT, AUTO_INCREMENT=55;

--
-- 已匯出資料表的限制(Constraint)
--

--
-- 資料表的 Constraints `comment`
--
ALTER TABLE `comment`
  ADD CONSTRAINT `Customer` FOREIGN KEY (`Customer`) REFERENCES `member` (`CID`) ON DELETE NO ACTION ON UPDATE CASCADE,
  ADD CONSTRAINT `Pro` FOREIGN KEY (`Product`) REFERENCES `product` (`PID`) ON DELETE CASCADE ON UPDATE CASCADE;

--
-- 資料表的 Constraints `event`
--
ALTER TABLE `event`
  ADD CONSTRAINT `cat` FOREIGN KEY (`Target`) REFERENCES `category` (`CAID`) ON DELETE CASCADE ON UPDATE CASCADE;

--
-- 資料表的 Constraints `order_content`
--
ALTER TABLE `order_content`
  ADD CONSTRAINT `Oder_Main` FOREIGN KEY (`Order_Number`) REFERENCES `order_main` (`OID`) ON DELETE CASCADE ON UPDATE CASCADE,
  ADD CONSTRAINT `Product` FOREIGN KEY (`Item`) REFERENCES `product` (`PID`) ON DELETE NO ACTION ON UPDATE CASCADE;

--
-- 資料表的 Constraints `order_main`
--
ALTER TABLE `order_main`
  ADD CONSTRAINT `Custcomer` FOREIGN KEY (`Customer`) REFERENCES `member` (`CID`) ON DELETE CASCADE ON UPDATE CASCADE;

--
-- 資料表的 Constraints `product`
--
ALTER TABLE `product`
  ADD CONSTRAINT `catagory` FOREIGN KEY (`Category`) REFERENCES `category` (`CAID`) ON DELETE NO ACTION ON UPDATE CASCADE;
COMMIT;

/*!40101 SET CHARACTER_SET_CLIENT=@OLD_CHARACTER_SET_CLIENT */;
/*!40101 SET CHARACTER_SET_RESULTS=@OLD_CHARACTER_SET_RESULTS */;
/*!40101 SET COLLATION_CONNECTION=@OLD_COLLATION_CONNECTION */;
